link,title,score,strict_match,stipend_text,stipend_monthly_inr,missing_reasons,matched_reasons,email_subject,email_date,snippet
https://www.linkedin.com/comm/jobs/view/4415004773?trackingId=RNiNPbVeQO2Aq1aF+Ii5Rg==&refId=H4yYTEGCS9Os0+OMRyoS9g==&eBP=CwEAAAGesJvbAirh2-Nf_tGhIc2RniiZh6omgtI7PL3A0durT-mT9vk2pMf0ioyrw3yE8nl0PQGOZzat6M_qRJ_T-NuaONatheWlLGdiQoX8YuBr8SHG4k4lPCRkcVmOS9tYOQ7b-5AQNU1oo4CRRaFsTGcuQjipz20IGUHPnUTkvK8NuxPtOPbpE8TnqTx5AHeQbPSFbnBoI06YzeHaZd6D5ofpA8OAHQVXP0ls4mk1ZqppG0VN5qcmhRwsh3OLbygZe-PNatZI0Jt2wEIh8aGRUnwB-hOthdOcMRCS6hYXVGkILDpLHKgHNoQKPqVggvkirb7HODlfgc6WeAoe9F3pPRFu1RYfJX7LNOY8y5KtUPcWdcsX6kQA5arhPasIv-W4B_aoXT64bZMv3NYAC_NretbzZUC6fumakUBIc58bqRaXeIqvCA&midSig=2g2fMkodVl-sg1&trkEmail=eml-jobs_jymbii_digest-job_card-0-company_logo-null-c5cm47~mq98afut~w0-null-null&eid=c5cm47-mq98afut-w0&otpToken=MTUwNjFhZTUxYTJlY2VjNmIzMjQwNGVkNGUxZmU2YjI4OWNlZDc0NTkwYTg4ZjYxNzJjMDAwNjY0NjVjNWNmNmZmZDNkZjgwNDBlY2NmYzM2ZmI5ZmM4MGU2MTM1YmY5NjAxZGZkOTdiZmRmYTFmNWY1ZTJkOCwxLDE=,LinkedIn opportunity,0,False,55L,55,missing 2028 signal,,Crossing Hurdles is hiring a Doctoral Researcher | $25/hr Remote,2026-06-11T08:21:15+00:00,Crossing Hurdles is hiring a Doctoral Researcher | $25/hr Remote LinkedIn <jobs-listings@linkedin.com> Top job picks for you: https://www.linkedin.com/comm/jobs/collections/recommended?origin=JYMBII_EMAIL&lgCta=eml-jymbii-bottom-see-all-jobs&lgTemp=jobs_jymbii_digest&lipi=urn%3Ali%3Apage%3Aemail_jobs_jymbii_digest%3BlPieTqmiSYmuIbZYcWRiSA%3D%3D&midToken=AQGKtG83IO2XTA&midSig=2g2fMkodVl-sg1&trk=eml-jobs_jymbii_digest-null-0-null&trkEmail=eml-jobs_jymbii_digest-null-0-null-null-c5cm47~mq98afut~...
https://www.linkedin.com/comm/jobs/view/4415004773?trackingId=RNiNPbVeQO2Aq1aF+Ii5Rg==&refId=H4yYTEGCS9Os0+OMRyoS9g==&eBP=CwEAAAGesJvbAirh2-Nf_tGhIc2RniiZh6omgtI7PL3A0durT-mT9vk2pMf0ioyrw3yE8nl0PQGOZzat6M_qRJ_T-NuaONatheWlLGdiQoX8YuBr8SHG4k4lPCRkcVmOS9tYOQ7b-5AQNU1oo4CRRaFsTGcuQjipz20IGUHPnUTkvK8NuxPtOPbpE8TnqTx5AHeQbPSFbnBoI06YzeHaZd6D5ofpA8OAHQVXP0ls4mk1ZqppG0VN5qcmhRwsh3OLbygZe-PNatZI0Jt2wEIh8aGRUnwB-hOthdOcMRCS6hYXVGkILDpLHKgHNoQKPqVggvkirb7HODlfgc6WeAoe9F3pPRFu1RYfJX7LNOY8y5KtUPcWdcsX6kQA5arhPasIv-W4B_aoXT64bZMv3NYAC_NretbzZUC6fumakUBIc58bqRaXeIqvCA&midSig=2g2fMkodVl-sg1&trkEmail=eml-jobs_jymbii_digest-job_card-0-jobcard_body_4415004773-null-c5cm47~mq98afut~w0-null-null&eid=c5cm47-mq98afut-w0&otpToken=MTUwNjFhZTUxYTJlY2VjNmIzMjQwNGVkNGUxZmU2YjI4OWNlZDc0NTkwYTg4ZjYxNzJjMDAwNjY0NjVjNWNmNmZmZDNkZjgwNDBlY2NmYzM2ZmI5ZmM4MGU2MTM1YmY5NjAxZGZkOTdiZmRmYTFmNWY1ZTJkOCwxLDE=,Doctoral Researcher | $25/hr Remote,0,False,55L,55,missing 2028 signal,,Crossing Hurdles is hiring a Doctoral Researcher | $25/hr Remote,2026-06-11T08:21:15+00:00,Crossing Hurdles is hiring a Doctoral Researcher | $25/hr Remote LinkedIn <jobs-listings@linkedin.com> Top job picks for you: https://www.linkedin.com/comm/jobs/collections/recommended?origin=JYMBII_EMAIL&lgCta=eml-jymbii-bottom-see-all-jobs&lgTemp=jobs_jymbii_digest&lipi=urn%3Ali%3Apage%3Aemail_jobs_jymbii_digest%3BlPieTqmiSYmuIbZYcWRiSA%3D%3D&midToken=AQGKtG83IO2XTA&midSig=2g2fMkodVl-sg1&trk=eml-jobs_jymbii_digest-null-0-null&trkEmail=eml-jobs_jymbii_digest-null-0-null-null-c5cm47~mq98afut~...
https://www.linkedin.com/comm/jobs/view/4412789622?trackingId=D3d+OKEjS3+jedieI4vVsg==&refId=Bj9EqmLbQQm2merpj7Iedw==&eBP=CwEAAAGesJvbAs4ZfKw7NRjCosUmKbzaEmLHxlYbmFXmGQ419daG2QmUYYWJIdrQJHZrXCpUXPbFRVDM0thgBMLFCDVP3PieXbJvheSIgIeIOqiBcAQbtPqyO06mBe90Boz3dCDuiZo4ANVHRO2Q0AxF9GLz5bSuRt0Cr36BO4GIjoNsJhbYhTuihYR0qOxhp1b6d7ymIRXCyhseCRjcpuU55LHuDA9SHWb0cg0jweicvTmXbbSLJd7YqttIwgd72dxDQLR5zp-tUSMrINE7YvIWHkyEG4szdaqy_jGjvfZ6AA1zXVY0OG2vm1JmmhNklYiWe-uDGvXVAZ3MB-YOoMvs7aufDOzMjvL19JaDWlDYyZSKg86Zzg6wIlVK868Uery-KUuvoOI-BRtPPifevCFrUvsXlLeuZX7zg8i0SVPcwjm41is&midSig=2g2fMkodVl-sg1&trkEmail=eml-jobs_jymbii_digest-job_card-0-company_logo-null-c5cm47~mq98afut~w0-null-null&eid=c5cm47-mq98afut-w0&otpToken=MTUwNjFhZTUxYTJlY2VjNmIzMjQwNGVkNGUxZmU2YjI4OWNlZDc0NTkwYTg4ZjYxNzJjMDAwNjY0NjVjNWNmNmZmZDNkZjgwNDBlY2NmYzM2ZmI5ZmM4MGU2MTM1YmY5NjAxZGZkOTdiZmRmYTFmNWY1ZTJkOCwxLDE=,LinkedIn opportunity,0,False,55L,55,missing 2028 signal,,Crossing Hurdles is hiring a Doctoral Researcher | $25/hr Remote,2026-06-11T08:21:15+00:00,Crossing Hurdles is hiring a Doctoral Researcher | $25/hr Remote LinkedIn <jobs-listings@linkedin.com> Top job picks for you: https://www.linkedin.com/comm/jobs/collections/recommended?origin=JYMBII_EMAIL&lgCta=eml-jymbii-bottom-see-all-jobs&lgTemp=jobs_jymbii_digest&lipi=urn%3Ali%3Apage%3Aemail_jobs_jymbii_digest%3BlPieTqmiSYmuIbZYcWRiSA%3D%3D&midToken=AQGKtG83IO2XTA&midSig=2g2fMkodVl-sg1&trk=eml-jobs_jymbii_digest-null-0-null&trkEmail=eml-jobs_jymbii_digest-null-0-null-null-c5cm47~mq98afut~...
https://www.linkedin.com/comm/jobs/view/4412789622?trackingId=D3d+OKEjS3+jedieI4vVsg==&refId=Bj9EqmLbQQm2merpj7Iedw==&eBP=CwEAAAGesJvbAs4ZfKw7NRjCosUmKbzaEmLHxlYbmFXmGQ419daG2QmUYYWJIdrQJHZrXCpUXPbFRVDM0thgBMLFCDVP3PieXbJvheSIgIeIOqiBcAQbtPqyO06mBe90Boz3dCDuiZo4ANVHRO2Q0AxF9GLz5bSuRt0Cr36BO4GIjoNsJhbYhTuihYR0qOxhp1b6d7ymIRXCyhseCRjcpuU55LHuDA9SHWb0cg0jweicvTmXbbSLJd7YqttIwgd72dxDQLR5zp-tUSMrINE7YvIWHkyEG4szdaqy_jGjvfZ6AA1zXVY0OG2vm1JmmhNklYiWe-uDGvXVAZ3MB-YOoMvs7aufDOzMjvL19JaDWlDYyZSKg86Zzg6wIlVK868Uery-KUuvoOI-BRtPPifevCFrUvsXlLeuZX7zg8i0SVPcwjm41is&midSig=2g2fMkodVl-sg1&trkEmail=eml-jobs_jymbii_digest-job_card-0-jobcard_body_4412789622-null-c5cm47~mq98afut~w0-null-null&eid=c5cm47-mq98afut-w0&otpToken=MTUwNjFhZTUxYTJlY2VjNmIzMjQwNGVkNGUxZmU2YjI4OWNlZDc0NTkwYTg4ZjYxNzJjMDAwNjY0NjVjNWNmNmZmZDNkZjgwNDBlY2NmYzM2ZmI5ZmM4MGU2MTM1YmY5NjAxZGZkOTdiZmRmYTFmNWY1ZTJkOCwxLDE=,Research Scientist (Freelancer),0,False,55L,55,missing 2028 signal,,Crossing Hurdles is hiring a Doctoral Researcher | $25/hr Remote,2026-06-11T08:21:15+00:00,Crossing Hurdles is hiring a Doctoral Researcher | $25/hr Remote LinkedIn <jobs-listings@linkedin.com> Top job picks for you: https://www.linkedin.com/comm/jobs/collections/recommended?origin=JYMBII_EMAIL&lgCta=eml-jymbii-bottom-see-all-jobs&lgTemp=jobs_jymbii_digest&lipi=urn%3Ali%3Apage%3Aemail_jobs_jymbii_digest%3BlPieTqmiSYmuIbZYcWRiSA%3D%3D&midToken=AQGKtG83IO2XTA&midSig=2g2fMkodVl-sg1&trk=eml-jobs_jymbii_digest-null-0-null&trkEmail=eml-jobs_jymbii_digest-null-0-null-null-c5cm47~mq98afut~...
https://www.linkedin.com/comm/jobs/view/4409665998?trackingId=/bQnOppmQW2Dwwfj8OSyNg==&refId=c5+BfaKAQNiKGMtjW41P2w==&eBP=CwEAAAGesJvbAlqSL3Lt4m785K3jZoyDK_BdJ6VLuK2Z2G2qImgJJptxtGv6UnLiwOYo1Y5UwAhGPBP4_0IaRjR62iqzqv6SVPfyReGvuIyOrR-Y-mbCrRHdzTzwJhYAIpP0PQV1-FmvIJ7IWzZYqOtk2lpdRB0Wtq5TsqWDslpI1rUmsUWXR8BIAwe3TCsCHE2Ulczx4oLc5zcr4YWaAFTFAwu3YVNUPR0MzaZzTf-zoILTcvbL06w0c2ehB3hL90U1r7_Odx3yIF1IeBKXmFH1cFrXgtTpIANriOLG6WMguoF3Bgwlyi7S_V2S-SRkY59K-6k2wmirqA9gCxIomVFatX-NdqjYmIrsQp3z6ysgxiGfS_xF0RP9_UaiHMIRbNSiigpECT5b5FnB4m8jxbsBSU5HtaQ_dpQ7MQQ-9bMdQAKFzTKvhw&midSig=2g2fMkodVl-sg1&trkEmail=eml-jobs_jymbii_digest-job_card-0-company_logo-null-c5cm47~mq98afut~w0-null-null&eid=c5cm47-mq98afut-w0&otpToken=MTUwNjFhZTUxYTJlY2VjNmIzMjQwNGVkNGUxZmU2YjI4OWNlZDc0NTkwYTg4ZjYxNzJjMDAwNjY0NjVjNWNmNmZmZDNkZjgwNDBlY2NmYzM2ZmI5ZmM4MGU2MTM1YmY5NjAxZGZkOTdiZmRmYTFmNWY1ZTJkOCwxLDE=,LinkedIn opportunity,0,False,55L,55,missing 2028 signal,,Crossing Hurdles is hiring a Doctoral Researcher | $25/hr Remote,2026-06-11T08:21:15+00:00,Crossing Hurdles is hiring a Doctoral Researcher | $25/hr Remote LinkedIn <jobs-listings@linkedin.com> Top job picks for you: https://www.linkedin.com/comm/jobs/collections/recommended?origin=JYMBII_EMAIL&lgCta=eml-jymbii-bottom-see-all-jobs&lgTemp=jobs_jymbii_digest&lipi=urn%3Ali%3Apage%3Aemail_jobs_jymbii_digest%3BlPieTqmiSYmuIbZYcWRiSA%3D%3D&midToken=AQGKtG83IO2XTA&midSig=2g2fMkodVl-sg1&trk=eml-jobs_jymbii_digest-null-0-null&trkEmail=eml-jobs_jymbii_digest-null-0-null-null-c5cm47~mq98afut~...
https://www.linkedin.com/comm/jobs/view/4409665998?trackingId=/bQnOppmQW2Dwwfj8OSyNg==&refId=c5+BfaKAQNiKGMtjW41P2w==&eBP=CwEAAAGesJvbAlqSL3Lt4m785K3jZoyDK_BdJ6VLuK2Z2G2qImgJJptxtGv6UnLiwOYo1Y5UwAhGPBP4_0IaRjR62iqzqv6SVPfyReGvuIyOrR-Y-mbCrRHdzTzwJhYAIpP0PQV1-FmvIJ7IWzZYqOtk2lpdRB0Wtq5TsqWDslpI1rUmsUWXR8BIAwe3TCsCHE2Ulczx4oLc5zcr4YWaAFTFAwu3YVNUPR0MzaZzTf-zoILTcvbL06w0c2ehB3hL90U1r7_Odx3yIF1IeBKXmFH1cFrXgtTpIANriOLG6WMguoF3Bgwlyi7S_V2S-SRkY59K-6k2wmirqA9gCxIomVFatX-NdqjYmIrsQp3z6ysgxiGfS_xF0RP9_UaiHMIRbNSiigpECT5b5FnB4m8jxbsBSU5HtaQ_dpQ7MQQ-9bMdQAKFzTKvhw&midSig=2g2fMkodVl-sg1&trkEmail=eml-jobs_jymbii_digest-job_card-0-jobcard_body_4409665998-null-c5cm47~mq98afut~w0-null-null&eid=c5cm47-mq98afut-w0&otpToken=MTUwNjFhZTUxYTJlY2VjNmIzMjQwNGVkNGUxZmU2YjI4OWNlZDc0NTkwYTg4ZjYxNzJjMDAwNjY0NjVjNWNmNmZmZDNkZjgwNDBlY2NmYzM2ZmI5ZmM4MGU2MTM1YmY5NjAxZGZkOTdiZmRmYTFmNWY1ZTJkOCwxLDE=,Freelance Alt Text Subject Matter Expert - Chemistry,0,False,55L,55,missing 2028 signal,,Crossing Hurdles is hiring a Doctoral Researcher | $25/hr Remote,2026-06-11T08:21:15+00:00,Crossing Hurdles is hiring a Doctoral Researcher | $25/hr Remote LinkedIn <jobs-listings@linkedin.com> Top job picks for you: https://www.linkedin.com/comm/jobs/collections/recommended?origin=JYMBII_EMAIL&lgCta=eml-jymbii-bottom-see-all-jobs&lgTemp=jobs_jymbii_digest&lipi=urn%3Ali%3Apage%3Aemail_jobs_jymbii_digest%3BlPieTqmiSYmuIbZYcWRiSA%3D%3D&midToken=AQGKtG83IO2XTA&midSig=2g2fMkodVl-sg1&trk=eml-jobs_jymbii_digest-null-0-null&trkEmail=eml-jobs_jymbii_digest-null-0-null-null-c5cm47~mq98afut~...
https://www.linkedin.com/comm/jobs/view/4398714340?trackingId=g4hmfeZrQv24VJ7/807S2A==&refId=gxNnqRu1QTmKy0xoVrUbVg==&eBP=NOT_ELIGIBLE_FOR_CHARGING&midSig=2g2fMkodVl-sg1&trkEmail=eml-jobs_jymbii_digest-job_card-0-company_logo-null-c5cm47~mq98afut~w0-null-null&eid=c5cm47-mq98afut-w0&otpToken=MTUwNjFhZTUxYTJlY2VjNmIzMjQwNGVkNGUxZmU2YjI4OWNlZDc0NTkwYTg4ZjYxNzJjMDAwNjY0NjVjNWNmNmZmZDNkZjgwNDBlY2NmYzM2ZmI5ZmM4MGU2MTM1YmY5NjAxZGZkOTdiZmRmYTFmNWY1ZTJkOCwxLDE=,LinkedIn opportunity,0,False,55L,55,missing 2028 signal,,Crossing Hurdles is hiring a Doctoral Researcher | $25/hr Remote,2026-06-11T08:21:15+00:00,Crossing Hurdles is hiring a Doctoral Researcher | $25/hr Remote LinkedIn <jobs-listings@linkedin.com> Top job picks for you: https://www.linkedin.com/comm/jobs/collections/recommended?origin=JYMBII_EMAIL&lgCta=eml-jymbii-bottom-see-all-jobs&lgTemp=jobs_jymbii_digest&lipi=urn%3Ali%3Apage%3Aemail_jobs_jymbii_digest%3BlPieTqmiSYmuIbZYcWRiSA%3D%3D&midToken=AQGKtG83IO2XTA&midSig=2g2fMkodVl-sg1&trk=eml-jobs_jymbii_digest-null-0-null&trkEmail=eml-jobs_jymbii_digest-null-0-null-null-c5cm47~mq98afut~...
https://www.linkedin.com/comm/jobs/view/4398714340?trackingId=g4hmfeZrQv24VJ7/807S2A==&refId=gxNnqRu1QTmKy0xoVrUbVg==&eBP=NOT_ELIGIBLE_FOR_CHARGING&midSig=2g2fMkodVl-sg1&trkEmail=eml-jobs_jymbii_digest-job_card-0-jobcard_body_4398714340-null-c5cm47~mq98afut~w0-null-null&eid=c5cm47-mq98afut-w0&otpToken=MTUwNjFhZTUxYTJlY2VjNmIzMjQwNGVkNGUxZmU2YjI4OWNlZDc0NTkwYTg4ZjYxNzJjMDAwNjY0NjVjNWNmNmZmZDNkZjgwNDBlY2NmYzM2ZmI5ZmM4MGU2MTM1YmY5NjAxZGZkOTdiZmRmYTFmNWY1ZTJkOCwxLDE=,Science Facilitator-(G3-G5)-Indian Curriculum,0,False,55L,55,missing 2028 signal,,Crossing Hurdles is hiring a Doctoral Researcher | $25/hr Remote,2026-06-11T08:21:15+00:00,Crossing Hurdles is hiring a Doctoral Researcher | $25/hr Remote LinkedIn <jobs-listings@linkedin.com> Top job picks for you: https://www.linkedin.com/comm/jobs/collections/recommended?origin=JYMBII_EMAIL&lgCta=eml-jymbii-bottom-see-all-jobs&lgTemp=jobs_jymbii_digest&lipi=urn%3Ali%3Apage%3Aemail_jobs_jymbii_digest%3BlPieTqmiSYmuIbZYcWRiSA%3D%3D&midToken=AQGKtG83IO2XTA&midSig=2g2fMkodVl-sg1&trk=eml-jobs_jymbii_digest-null-0-null&trkEmail=eml-jobs_jymbii_digest-null-0-null-null-c5cm47~mq98afut~...
https://www.linkedin.com/comm/jobs/view/4425814460?trackingId=aGYb4gxCQJ6/vWK/15Qc7Q==&refId=osObmCp7St+veot3WjP5GQ==&eBP=NOT_ELIGIBLE_FOR_CHARGING&midSig=2g2fMkodVl-sg1&trkEmail=eml-jobs_jymbii_digest-job_card-0-company_logo-null-c5cm47~mq98afut~w0-null-null&eid=c5cm47-mq98afut-w0&otpToken=MTUwNjFhZTUxYTJlY2VjNmIzMjQwNGVkNGUxZmU2YjI4OWNlZDc0NTkwYTg4ZjYxNzJjMDAwNjY0NjVjNWNmNmZmZDNkZjgwNDBlY2NmYzM2ZmI5ZmM4MGU2MTM1YmY5NjAxZGZkOTdiZmRmYTFmNWY1ZTJkOCwxLDE=,LinkedIn opportunity,0,False,55L,55,missing 2028 signal,,Crossing Hurdles is hiring a Doctoral Researcher | $25/hr Remote,2026-06-11T08:21:15+00:00,Crossing Hurdles is hiring a Doctoral Researcher | $25/hr Remote LinkedIn <jobs-listings@linkedin.com> Top job picks for you: https://www.linkedin.com/comm/jobs/collections/recommended?origin=JYMBII_EMAIL&lgCta=eml-jymbii-bottom-see-all-jobs&lgTemp=jobs_jymbii_digest&lipi=urn%3Ali%3Apage%3Aemail_jobs_jymbii_digest%3BlPieTqmiSYmuIbZYcWRiSA%3D%3D&midToken=AQGKtG83IO2XTA&midSig=2g2fMkodVl-sg1&trk=eml-jobs_jymbii_digest-null-0-null&trkEmail=eml-jobs_jymbii_digest-null-0-null-null-c5cm47~mq98afut~...
https://www.linkedin.com/comm/jobs/view/4425814460?trackingId=aGYb4gxCQJ6/vWK/15Qc7Q==&refId=osObmCp7St+veot3WjP5GQ==&eBP=NOT_ELIGIBLE_FOR_CHARGING&midSig=2g2fMkodVl-sg1&trkEmail=eml-jobs_jymbii_digest-job_card-0-jobcard_body_4425814460-null-c5cm47~mq98afut~w0-null-null&eid=c5cm47-mq98afut-w0&otpToken=MTUwNjFhZTUxYTJlY2VjNmIzMjQwNGVkNGUxZmU2YjI4OWNlZDc0NTkwYTg4ZjYxNzJjMDAwNjY0NjVjNWNmNmZmZDNkZjgwNDBlY2NmYzM2ZmI5ZmM4MGU2MTM1YmY5NjAxZGZkOTdiZmRmYTFmNWY1ZTJkOCwxLDE=,Computer Science PhD,0,False,55L,55,missing 2028 signal,,Crossing Hurdles is hiring a Doctoral Researcher | $25/hr Remote,2026-06-11T08:21:15+00:00,Crossing Hurdles is hiring a Doctoral Researcher | $25/hr Remote LinkedIn <jobs-listings@linkedin.com> Top job picks for you: https://www.linkedin.com/comm/jobs/collections/recommended?origin=JYMBII_EMAIL&lgCta=eml-jymbii-bottom-see-all-jobs&lgTemp=jobs_jymbii_digest&lipi=urn%3Ali%3Apage%3Aemail_jobs_jymbii_digest%3BlPieTqmiSYmuIbZYcWRiSA%3D%3D&midToken=AQGKtG83IO2XTA&midSig=2g2fMkodVl-sg1&trk=eml-jobs_jymbii_digest-null-0-null&trkEmail=eml-jobs_jymbii_digest-null-0-null-null-c5cm47~mq98afut~...
https://www.linkedin.com/comm/jobs/view/4417892022?trackingId=50QLUY82S2ad4LBpUhHDyw==&refId=QgnTHE1iSuWC5C3B5GmDiQ==&eBP=BUDGET_EXHAUSTED_JOB&midSig=2g2fMkodVl-sg1&trkEmail=eml-jobs_jymbii_digest-job_card-0-company_logo-null-c5cm47~mq98afut~w0-null-null&eid=c5cm47-mq98afut-w0&otpToken=MTUwNjFhZTUxYTJlY2VjNmIzMjQwNGVkNGUxZmU2YjI4OWNlZDc0NTkwYTg4ZjYxNzJjMDAwNjY0NjVjNWNmNmZmZDNkZjgwNDBlY2NmYzM2ZmI5ZmM4MGU2MTM1YmY5NjAxZGZkOTdiZmRmYTFmNWY1ZTJkOCwxLDE=,LinkedIn opportunity,0,False,55L,55,missing 2028 signal,,Crossing Hurdles is hiring a Doctoral Researcher | $25/hr Remote,2026-06-11T08:21:15+00:00,Crossing Hurdles is hiring a Doctoral Researcher | $25/hr Remote LinkedIn <jobs-listings@linkedin.com> Top job picks for you: https://www.linkedin.com/comm/jobs/collections/recommended?origin=JYMBII_EMAIL&lgCta=eml-jymbii-bottom-see-all-jobs&lgTemp=jobs_jymbii_digest&lipi=urn%3Ali%3Apage%3Aemail_jobs_jymbii_digest%3BlPieTqmiSYmuIbZYcWRiSA%3D%3D&midToken=AQGKtG83IO2XTA&midSig=2g2fMkodVl-sg1&trk=eml-jobs_jymbii_digest-null-0-null&trkEmail=eml-jobs_jymbii_digest-null-0-null-null-c5cm47~mq98afut~...
https://www.linkedin.com/comm/jobs/view/4417892022?trackingId=50QLUY82S2ad4LBpUhHDyw==&refId=QgnTHE1iSuWC5C3B5GmDiQ==&eBP=BUDGET_EXHAUSTED_JOB&midSig=2g2fMkodVl-sg1&trkEmail=eml-jobs_jymbii_digest-job_card-0-jobcard_body_4417892022-null-c5cm47~mq98afut~w0-null-null&eid=c5cm47-mq98afut-w0&otpToken=MTUwNjFhZTUxYTJlY2VjNmIzMjQwNGVkNGUxZmU2YjI4OWNlZDc0NTkwYTg4ZjYxNzJjMDAwNjY0NjVjNWNmNmZmZDNkZjgwNDBlY2NmYzM2ZmI5ZmM4MGU2MTM1YmY5NjAxZGZkOTdiZmRmYTFmNWY1ZTJkOCwxLDE=,"Teachers – All Subjects, Classes & Boards",0,False,55L,55,missing 2028 signal,,Crossing Hurdles is hiring a Doctoral Researcher | $25/hr Remote,2026-06-11T08:21:15+00:00,Crossing Hurdles is hiring a Doctoral Researcher | $25/hr Remote LinkedIn <jobs-listings@linkedin.com> Top job picks for you: https://www.linkedin.com/comm/jobs/collections/recommended?origin=JYMBII_EMAIL&lgCta=eml-jymbii-bottom-see-all-jobs&lgTemp=jobs_jymbii_digest&lipi=urn%3Ali%3Apage%3Aemail_jobs_jymbii_digest%3BlPieTqmiSYmuIbZYcWRiSA%3D%3D&midToken=AQGKtG83IO2XTA&midSig=2g2fMkodVl-sg1&trk=eml-jobs_jymbii_digest-null-0-null&trkEmail=eml-jobs_jymbii_digest-null-0-null-null-c5cm47~mq98afut~...
https://www.linkedin.com/comm/jobs/view/4415004773?trackingId=RNiNPbVeQO2Aq1aF+Ii5Rg==&refId=H4yYTEGCS9Os0+OMRyoS9g==&eBP=CwEAAAGesJvbAirh2-Nf_tGhIc2RniiZh6omgtI7PL3A0durT-mT9vk2pMf0ioyrw3yE8nl0PQGOZzat6M_qRJ_T-NuaONatheWlLGdiQoX8YuBr8SHG4k4lPCRkcVmOS9tYOQ7b-5AQNU1oo4CRRaFsTGcuQjipz20IGUHPnUTkvK8NuxPtOPbpE8TnqTx5AHeQbPSFbnBoI06YzeHaZd6D5ofpA8OAHQVXP0ls4mk1ZqppG0VN5qcmhRwsh3OLbygZe-PNatZI0Jt2wEIh8aGRUnwB-hOthdOcMRCS6hYXVGkILDpLHKgHNoQKPqVggvkirb7HODlfgc6WeAoe9F3pPRFu1RYfJX7LNOY8y5KtUPcWdcsX6kQA5arhPasIv-W4B_aoXT64bZMv3NYAC_NretbzZUC6fumakUBIc58bqRaXeIqvCA&midSig=2g2fMkodVl-sg1&trkEmail=eml-jobs_jymbii_digest-jymbii-0-view_job-null-c5cm47~mq98afut~w0-null-null&eid=c5cm47-mq98afut-w0&otpToken=MTUwNjFhZTUxYTJlY2VjNmIzMjQwNGVkNGUxZmU2YjI4OWNlZDc0NTkwYTg4ZjYxNzJjMDAwNjY0NjVjNWNmNmZmZDNkZjgwNDBlY2NmYzM2ZmI5ZmM4MGU2MTM1YmY5NjAxZGZkOTdiZmRmYTFmNWY1ZTJkOCwxLDE=,LinkedIn opportunity,0,False,55L,55,missing 2028 signal,,Crossing Hurdles is hiring a Doctoral Researcher | $25/hr Remote,2026-06-11T08:21:15+00:00,Crossing Hurdles is hiring a Doctoral Researcher | $25/hr Remote LinkedIn <jobs-listings@linkedin.com> Top job picks for you: https://www.linkedin.com/comm/jobs/collections/recommended?origin=JYMBII_EMAIL&lgCta=eml-jymbii-bottom-see-all-jobs&lgTemp=jobs_jymbii_digest&lipi=urn%3Ali%3Apage%3Aemail_jobs_jymbii_digest%3BlPieTqmiSYmuIbZYcWRiSA%3D%3D&midToken=AQGKtG83IO2XTA&midSig=2g2fMkodVl-sg1&trk=eml-jobs_jymbii_digest-null-0-null&trkEmail=eml-jobs_jymbii_digest-null-0-null-null-c5cm47~mq98afut~...
https://www.linkedin.com/comm/jobs/view/4412789622?trackingId=D3d+OKEjS3+jedieI4vVsg==&refId=Bj9EqmLbQQm2merpj7Iedw==&eBP=CwEAAAGesJvbAs4ZfKw7NRjCosUmKbzaEmLHxlYbmFXmGQ419daG2QmUYYWJIdrQJHZrXCpUXPbFRVDM0thgBMLFCDVP3PieXbJvheSIgIeIOqiBcAQbtPqyO06mBe90Boz3dCDuiZo4ANVHRO2Q0AxF9GLz5bSuRt0Cr36BO4GIjoNsJhbYhTuihYR0qOxhp1b6d7ymIRXCyhseCRjcpuU55LHuDA9SHWb0cg0jweicvTmXbbSLJd7YqttIwgd72dxDQLR5zp-tUSMrINE7YvIWHkyEG4szdaqy_jGjvfZ6AA1zXVY0OG2vm1JmmhNklYiWe-uDGvXVAZ3MB-YOoMvs7aufDOzMjvL19JaDWlDYyZSKg86Zzg6wIlVK868Uery-KUuvoOI-BRtPPifevCFrUvsXlLeuZX7zg8i0SVPcwjm41is&midSig=2g2fMkodVl-sg1&trkEmail=eml-jobs_jymbii_digest-jymbii-0-view_job-null-c5cm47~mq98afut~w0-null-null&eid=c5cm47-mq98afut-w0&otpToken=MTUwNjFhZTUxYTJlY2VjNmIzMjQwNGVkNGUxZmU2YjI4OWNlZDc0NTkwYTg4ZjYxNzJjMDAwNjY0NjVjNWNmNmZmZDNkZjgwNDBlY2NmYzM2ZmI5ZmM4MGU2MTM1YmY5NjAxZGZkOTdiZmRmYTFmNWY1ZTJkOCwxLDE=,LinkedIn opportunity,0,False,55L,55,missing 2028 signal,,Crossing Hurdles is hiring a Doctoral Researcher | $25/hr Remote,2026-06-11T08:21:15+00:00,Crossing Hurdles is hiring a Doctoral Researcher | $25/hr Remote LinkedIn <jobs-listings@linkedin.com> Top job picks for you: https://www.linkedin.com/comm/jobs/collections/recommended?origin=JYMBII_EMAIL&lgCta=eml-jymbii-bottom-see-all-jobs&lgTemp=jobs_jymbii_digest&lipi=urn%3Ali%3Apage%3Aemail_jobs_jymbii_digest%3BlPieTqmiSYmuIbZYcWRiSA%3D%3D&midToken=AQGKtG83IO2XTA&midSig=2g2fMkodVl-sg1&trk=eml-jobs_jymbii_digest-null-0-null&trkEmail=eml-jobs_jymbii_digest-null-0-null-null-c5cm47~mq98afut~...
https://www.linkedin.com/comm/jobs/view/4409665998?trackingId=/bQnOppmQW2Dwwfj8OSyNg==&refId=c5+BfaKAQNiKGMtjW41P2w==&eBP=CwEAAAGesJvbAlqSL3Lt4m785K3jZoyDK_BdJ6VLuK2Z2G2qImgJJptxtGv6UnLiwOYo1Y5UwAhGPBP4_0IaRjR62iqzqv6SVPfyReGvuIyOrR-Y-mbCrRHdzTzwJhYAIpP0PQV1-FmvIJ7IWzZYqOtk2lpdRB0Wtq5TsqWDslpI1rUmsUWXR8BIAwe3TCsCHE2Ulczx4oLc5zcr4YWaAFTFAwu3YVNUPR0MzaZzTf-zoILTcvbL06w0c2ehB3hL90U1r7_Odx3yIF1IeBKXmFH1cFrXgtTpIANriOLG6WMguoF3Bgwlyi7S_V2S-SRkY59K-6k2wmirqA9gCxIomVFatX-NdqjYmIrsQp3z6ysgxiGfS_xF0RP9_UaiHMIRbNSiigpECT5b5FnB4m8jxbsBSU5HtaQ_dpQ7MQQ-9bMdQAKFzTKvhw&midSig=2g2fMkodVl-sg1&trkEmail=eml-jobs_jymbii_digest-jymbii-0-view_job-null-c5cm47~mq98afut~w0-null-null&eid=c5cm47-mq98afut-w0&otpToken=MTUwNjFhZTUxYTJlY2VjNmIzMjQwNGVkNGUxZmU2YjI4OWNlZDc0NTkwYTg4ZjYxNzJjMDAwNjY0NjVjNWNmNmZmZDNkZjgwNDBlY2NmYzM2ZmI5ZmM4MGU2MTM1YmY5NjAxZGZkOTdiZmRmYTFmNWY1ZTJkOCwxLDE=,LinkedIn opportunity,0,False,55L,55,missing 2028 signal,,Crossing Hurdles is hiring a Doctoral Researcher | $25/hr Remote,2026-06-11T08:21:15+00:00,Crossing Hurdles is hiring a Doctoral Researcher | $25/hr Remote LinkedIn <jobs-listings@linkedin.com> Top job picks for you: https://www.linkedin.com/comm/jobs/collections/recommended?origin=JYMBII_EMAIL&lgCta=eml-jymbii-bottom-see-all-jobs&lgTemp=jobs_jymbii_digest&lipi=urn%3Ali%3Apage%3Aemail_jobs_jymbii_digest%3BlPieTqmiSYmuIbZYcWRiSA%3D%3D&midToken=AQGKtG83IO2XTA&midSig=2g2fMkodVl-sg1&trk=eml-jobs_jymbii_digest-null-0-null&trkEmail=eml-jobs_jymbii_digest-null-0-null-null-c5cm47~mq98afut~...
https://www.linkedin.com/comm/jobs/view/4398714340?trackingId=g4hmfeZrQv24VJ7/807S2A==&refId=gxNnqRu1QTmKy0xoVrUbVg==&eBP=NOT_ELIGIBLE_FOR_CHARGING&midSig=2g2fMkodVl-sg1&trkEmail=eml-jobs_jymbii_digest-jymbii-0-view_job-null-c5cm47~mq98afut~w0-null-null&eid=c5cm47-mq98afut-w0&otpToken=MTUwNjFhZTUxYTJlY2VjNmIzMjQwNGVkNGUxZmU2YjI4OWNlZDc0NTkwYTg4ZjYxNzJjMDAwNjY0NjVjNWNmNmZmZDNkZjgwNDBlY2NmYzM2ZmI5ZmM4MGU2MTM1YmY5NjAxZGZkOTdiZmRmYTFmNWY1ZTJkOCwxLDE=,LinkedIn opportunity,0,False,55L,55,missing 2028 signal,,Crossing Hurdles is hiring a Doctoral Researcher | $25/hr Remote,2026-06-11T08:21:15+00:00,Crossing Hurdles is hiring a Doctoral Researcher | $25/hr Remote LinkedIn <jobs-listings@linkedin.com> Top job picks for you: https://www.linkedin.com/comm/jobs/collections/recommended?origin=JYMBII_EMAIL&lgCta=eml-jymbii-bottom-see-all-jobs&lgTemp=jobs_jymbii_digest&lipi=urn%3Ali%3Apage%3Aemail_jobs_jymbii_digest%3BlPieTqmiSYmuIbZYcWRiSA%3D%3D&midToken=AQGKtG83IO2XTA&midSig=2g2fMkodVl-sg1&trk=eml-jobs_jymbii_digest-null-0-null&trkEmail=eml-jobs_jymbii_digest-null-0-null-null-c5cm47~mq98afut~...
https://www.linkedin.com/comm/jobs/view/4425814460?trackingId=aGYb4gxCQJ6/vWK/15Qc7Q==&refId=osObmCp7St+veot3WjP5GQ==&eBP=NOT_ELIGIBLE_FOR_CHARGING&midSig=2g2fMkodVl-sg1&trkEmail=eml-jobs_jymbii_digest-jymbii-0-view_job-null-c5cm47~mq98afut~w0-null-null&eid=c5cm47-mq98afut-w0&otpToken=MTUwNjFhZTUxYTJlY2VjNmIzMjQwNGVkNGUxZmU2YjI4OWNlZDc0NTkwYTg4ZjYxNzJjMDAwNjY0NjVjNWNmNmZmZDNkZjgwNDBlY2NmYzM2ZmI5ZmM4MGU2MTM1YmY5NjAxZGZkOTdiZmRmYTFmNWY1ZTJkOCwxLDE=,LinkedIn opportunity,0,False,55L,55,missing 2028 signal,,Crossing Hurdles is hiring a Doctoral Researcher | $25/hr Remote,2026-06-11T08:21:15+00:00,Crossing Hurdles is hiring a Doctoral Researcher | $25/hr Remote LinkedIn <jobs-listings@linkedin.com> Top job picks for you: https://www.linkedin.com/comm/jobs/collections/recommended?origin=JYMBII_EMAIL&lgCta=eml-jymbii-bottom-see-all-jobs&lgTemp=jobs_jymbii_digest&lipi=urn%3Ali%3Apage%3Aemail_jobs_jymbii_digest%3BlPieTqmiSYmuIbZYcWRiSA%3D%3D&midToken=AQGKtG83IO2XTA&midSig=2g2fMkodVl-sg1&trk=eml-jobs_jymbii_digest-null-0-null&trkEmail=eml-jobs_jymbii_digest-null-0-null-null-c5cm47~mq98afut~...
https://www.linkedin.com/comm/jobs/view/4417892022?trackingId=50QLUY82S2ad4LBpUhHDyw==&refId=QgnTHE1iSuWC5C3B5GmDiQ==&eBP=BUDGET_EXHAUSTED_JOB&midSig=2g2fMkodVl-sg1&trkEmail=eml-jobs_jymbii_digest-jymbii-0-view_job-null-c5cm47~mq98afut~w0-null-null&eid=c5cm47-mq98afut-w0&otpToken=MTUwNjFhZTUxYTJlY2VjNmIzMjQwNGVkNGUxZmU2YjI4OWNlZDc0NTkwYTg4ZjYxNzJjMDAwNjY0NjVjNWNmNmZmZDNkZjgwNDBlY2NmYzM2ZmI5ZmM4MGU2MTM1YmY5NjAxZGZkOTdiZmRmYTFmNWY1ZTJkOCwxLDE=,LinkedIn opportunity,0,False,55L,55,missing 2028 signal,,Crossing Hurdles is hiring a Doctoral Researcher | $25/hr Remote,2026-06-11T08:21:15+00:00,Crossing Hurdles is hiring a Doctoral Researcher | $25/hr Remote LinkedIn <jobs-listings@linkedin.com> Top job picks for you: https://www.linkedin.com/comm/jobs/collections/recommended?origin=JYMBII_EMAIL&lgCta=eml-jymbii-bottom-see-all-jobs&lgTemp=jobs_jymbii_digest&lipi=urn%3Ali%3Apage%3Aemail_jobs_jymbii_digest%3BlPieTqmiSYmuIbZYcWRiSA%3D%3D&midToken=AQGKtG83IO2XTA&midSig=2g2fMkodVl-sg1&trk=eml-jobs_jymbii_digest-null-0-null&trkEmail=eml-jobs_jymbii_digest-null-0-null-null-c5cm47~mq98afut~...
https://www.linkedin.com/comm/jobs/view/4415004773?trackingId=xOMkRzoiQU+Q0eC4aeTCrw==&refId=ZZSMTiWyS6G0NqKNrIuBlw==&eBP=CwEAAAGe1JRSNVvPFq9KeKKAPIkmGoV3oCraG3u3DK6A4Ml0nPTIRsKaYmrp80sxjirx2zEsE6Mrd_Y9LSsGQaWN6ffpaXYcakrPe6RhSy1xgYNUOqpsqGo04O__xadDs-UZgbhiQjwhipToQqvKOGnC8hfLFdjs7_jDg2eqFu_NSGKBsFYbmqJNN4_YxJZjuXJafrRvzArlDX1LO4UOIOrTZd1-A744GPScJpxdxY45xUXoI4-CD1nk4ZuC7UMuhRkFo3LR6yZXaWxJQajll_3YY9nAmFEUwAr7dMiNgeZmVqKPe4P-tCrUaF4BTdMXFzDU2r8jjxBWntO28r4GH6TGitCgbofB9j8TU8oZ4I788dpN14Fy3xDWjnj65wIAE8benPr1xHcwhBawjasHDO9A8dPNGVe2ttgyVGiXndu2hZn-oGY&midSig=2UhI8W_u2R8ck1&trkEmail=eml-jobs_jymbii_digest-job_card-0-company_logo-null-c5cm47~mqj8deb1~9i-null-null&eid=c5cm47-mqj8deb1-9i&otpToken=MTUwNjFhZTUxYTJlY2VjNmIzMjQwNGVkNGUxZmUwYjM4ZmM2ZDc0MzllYWU4ZjYxNzJjMDAwNjY0NjVjNWNmNmZmZDNkZjgwNzVmNmYxYzE2Y2ZkZDVmNmU5NzQ3YzkyNDU5MzdlYWQ1YTg2ZDljYjg5YzhkNSwxLDE=,LinkedIn opportunity,0,False,94L,94,missing 2028 signal,,Crossing Hurdles is hiring a Doctoral Researcher | $25/hr Remote,2026-06-18T08:21:13+00:00,Crossing Hurdles is hiring a Doctoral Researcher | $25/hr Remote LinkedIn <jobs-listings@linkedin.com> Top job picks for you: https://www.linkedin.com/comm/jobs/collections/recommended?origin=JYMBII_EMAIL&lgCta=eml-jymbii-bottom-see-all-jobs&lgTemp=jobs_jymbii_digest&lipi=urn%3Ali%3Apage%3Aemail_jobs_jymbii_digest%3BusPeGVMGQ5OlS5gt3ZaYPg%3D%3D&midToken=AQGKtG83IO2XTA&midSig=2UhI8W_u2R8ck1&trk=eml-jobs_jymbii_digest-null-0-null&trkEmail=eml-jobs_jymbii_digest-null-0-null-null-c5cm47~mqj8deb1~...
https://www.linkedin.com/comm/jobs/view/4415004773?trackingId=xOMkRzoiQU+Q0eC4aeTCrw==&refId=ZZSMTiWyS6G0NqKNrIuBlw==&eBP=CwEAAAGe1JRSNVvPFq9KeKKAPIkmGoV3oCraG3u3DK6A4Ml0nPTIRsKaYmrp80sxjirx2zEsE6Mrd_Y9LSsGQaWN6ffpaXYcakrPe6RhSy1xgYNUOqpsqGo04O__xadDs-UZgbhiQjwhipToQqvKOGnC8hfLFdjs7_jDg2eqFu_NSGKBsFYbmqJNN4_YxJZjuXJafrRvzArlDX1LO4UOIOrTZd1-A744GPScJpxdxY45xUXoI4-CD1nk4ZuC7UMuhRkFo3LR6yZXaWxJQajll_3YY9nAmFEUwAr7dMiNgeZmVqKPe4P-tCrUaF4BTdMXFzDU2r8jjxBWntO28r4GH6TGitCgbofB9j8TU8oZ4I788dpN14Fy3xDWjnj65wIAE8benPr1xHcwhBawjasHDO9A8dPNGVe2ttgyVGiXndu2hZn-oGY&midSig=2UhI8W_u2R8ck1&trkEmail=eml-jobs_jymbii_digest-job_card-0-jobcard_body_4415004773-null-c5cm47~mqj8deb1~9i-null-null&eid=c5cm47-mqj8deb1-9i&otpToken=MTUwNjFhZTUxYTJlY2VjNmIzMjQwNGVkNGUxZmUwYjM4ZmM2ZDc0MzllYWU4ZjYxNzJjMDAwNjY0NjVjNWNmNmZmZDNkZjgwNzVmNmYxYzE2Y2ZkZDVmNmU5NzQ3YzkyNDU5MzdlYWQ1YTg2ZDljYjg5YzhkNSwxLDE=,Doctoral Researcher | $25/hr Remote,0,False,94L,94,missing 2028 signal,,Crossing Hurdles is hiring a Doctoral Researcher | $25/hr Remote,2026-06-18T08:21:13+00:00,Crossing Hurdles is hiring a Doctoral Researcher | $25/hr Remote LinkedIn <jobs-listings@linkedin.com> Top job picks for you: https://www.linkedin.com/comm/jobs/collections/recommended?origin=JYMBII_EMAIL&lgCta=eml-jymbii-bottom-see-all-jobs&lgTemp=jobs_jymbii_digest&lipi=urn%3Ali%3Apage%3Aemail_jobs_jymbii_digest%3BusPeGVMGQ5OlS5gt3ZaYPg%3D%3D&midToken=AQGKtG83IO2XTA&midSig=2UhI8W_u2R8ck1&trk=eml-jobs_jymbii_digest-null-0-null&trkEmail=eml-jobs_jymbii_digest-null-0-null-null-c5cm47~mqj8deb1~...
https://www.linkedin.com/comm/jobs/view/4429760376?trackingId=YP1TDK8zQOyhY0z+xYD33Q==&refId=zb+HUVf0RlK0hNaE3PIuhA==&eBP=BUDGET_EXHAUSTED_JOB&midSig=2UhI8W_u2R8ck1&trkEmail=eml-jobs_jymbii_digest-job_card-0-company_logo-null-c5cm47~mqj8deb1~9i-null-null&eid=c5cm47-mqj8deb1-9i&otpToken=MTUwNjFhZTUxYTJlY2VjNmIzMjQwNGVkNGUxZmUwYjM4ZmM2ZDc0MzllYWU4ZjYxNzJjMDAwNjY0NjVjNWNmNmZmZDNkZjgwNzVmNmYxYzE2Y2ZkZDVmNmU5NzQ3YzkyNDU5MzdlYWQ1YTg2ZDljYjg5YzhkNSwxLDE=,LinkedIn opportunity,0,False,94L,94,missing 2028 signal,,Crossing Hurdles is hiring a Doctoral Researcher | $25/hr Remote,2026-06-18T08:21:13+00:00,Crossing Hurdles is hiring a Doctoral Researcher | $25/hr Remote LinkedIn <jobs-listings@linkedin.com> Top job picks for you: https://www.linkedin.com/comm/jobs/collections/recommended?origin=JYMBII_EMAIL&lgCta=eml-jymbii-bottom-see-all-jobs&lgTemp=jobs_jymbii_digest&lipi=urn%3Ali%3Apage%3Aemail_jobs_jymbii_digest%3BusPeGVMGQ5OlS5gt3ZaYPg%3D%3D&midToken=AQGKtG83IO2XTA&midSig=2UhI8W_u2R8ck1&trk=eml-jobs_jymbii_digest-null-0-null&trkEmail=eml-jobs_jymbii_digest-null-0-null-null-c5cm47~mqj8deb1~...
https://www.linkedin.com/comm/jobs/view/4429760376?trackingId=YP1TDK8zQOyhY0z+xYD33Q==&refId=zb+HUVf0RlK0hNaE3PIuhA==&eBP=BUDGET_EXHAUSTED_JOB&midSig=2UhI8W_u2R8ck1&trkEmail=eml-jobs_jymbii_digest-job_card-0-jobcard_body_4429760376-null-c5cm47~mqj8deb1~9i-null-null&eid=c5cm47-mqj8deb1-9i&otpToken=MTUwNjFhZTUxYTJlY2VjNmIzMjQwNGVkNGUxZmUwYjM4ZmM2ZDc0MzllYWU4ZjYxNzJjMDAwNjY0NjVjNWNmNmZmZDNkZjgwNzVmNmYxYzE2Y2ZkZDVmNmU5NzQ3YzkyNDU5MzdlYWQ1YTg2ZDljYjg5YzhkNSwxLDE=,Freelancer (Work From Home),0,False,94L,94,missing 2028 signal,,Crossing Hurdles is hiring a Doctoral Researcher | $25/hr Remote,2026-06-18T08:21:13+00:00,Crossing Hurdles is hiring a Doctoral Researcher | $25/hr Remote LinkedIn <jobs-listings@linkedin.com> Top job picks for you: https://www.linkedin.com/comm/jobs/collections/recommended?origin=JYMBII_EMAIL&lgCta=eml-jymbii-bottom-see-all-jobs&lgTemp=jobs_jymbii_digest&lipi=urn%3Ali%3Apage%3Aemail_jobs_jymbii_digest%3BusPeGVMGQ5OlS5gt3ZaYPg%3D%3D&midToken=AQGKtG83IO2XTA&midSig=2UhI8W_u2R8ck1&trk=eml-jobs_jymbii_digest-null-0-null&trkEmail=eml-jobs_jymbii_digest-null-0-null-null-c5cm47~mqj8deb1~...
https://www.linkedin.com/comm/jobs/view/4428442279?trackingId=Lf5m3GB0TmuFgwvURvirig==&refId=IYCIsXciSu2e4Whgp4ZiEA==&eBP=CwEAAAGe1JRSNRxmSkB_DW8rFmLYqK3ot0paiMq-XBh4rUaTwf64Zf_hCyj4xrFYJ-1Uqr6GbZDtmosWVfuVoJtyxwhbiaAjDtaDGnFohcGGFFWcaz1pqDTrTJFsq_xFFkyToEpftKkIucL6sj-IgZOdXIisWCmyFCfdsW4L_2sXpWgG3SwWcnjqy_QCVh9YgXKcU77jl7GdYhMCAKxbxvRV0pn7XBA2yTrVQ6HpZPnrnjsdoRG-KWr3-rBzhD4kmeYDHoc1Y-OwO339Sap4ahfVB9ts2TqLrU9bCH8ATwaY1HAhRBRF6HkR44eYIt4g2a8IjAj_tYK-Mns3Kn0Z_XmMgJNPqoLI7SU6lAsNd_Y8jsL2HQ8Ofx85abFxj0MkC6CIPC8Qh84ZGmC7ZteUhHcLYJHwOKwSte30Bc2ojqLMi9w6mfY&midSig=2UhI8W_u2R8ck1&trkEmail=eml-jobs_jymbii_digest-job_card-0-company_logo-null-c5cm47~mqj8deb1~9i-null-null&eid=c5cm47-mqj8deb1-9i&otpToken=MTUwNjFhZTUxYTJlY2VjNmIzMjQwNGVkNGUxZmUwYjM4ZmM2ZDc0MzllYWU4ZjYxNzJjMDAwNjY0NjVjNWNmNmZmZDNkZjgwNzVmNmYxYzE2Y2ZkZDVmNmU5NzQ3YzkyNDU5MzdlYWQ1YTg2ZDljYjg5YzhkNSwxLDE=,LinkedIn opportunity,0,False,94L,94,missing 2028 signal,,Crossing Hurdles is hiring a Doctoral Researcher | $25/hr Remote,2026-06-18T08:21:13+00:00,Crossing Hurdles is hiring a Doctoral Researcher | $25/hr Remote LinkedIn <jobs-listings@linkedin.com> Top job picks for you: https://www.linkedin.com/comm/jobs/collections/recommended?origin=JYMBII_EMAIL&lgCta=eml-jymbii-bottom-see-all-jobs&lgTemp=jobs_jymbii_digest&lipi=urn%3Ali%3Apage%3Aemail_jobs_jymbii_digest%3BusPeGVMGQ5OlS5gt3ZaYPg%3D%3D&midToken=AQGKtG83IO2XTA&midSig=2UhI8W_u2R8ck1&trk=eml-jobs_jymbii_digest-null-0-null&trkEmail=eml-jobs_jymbii_digest-null-0-null-null-c5cm47~mqj8deb1~...
https://www.linkedin.com/comm/jobs/view/4428442279?trackingId=Lf5m3GB0TmuFgwvURvirig==&refId=IYCIsXciSu2e4Whgp4ZiEA==&eBP=CwEAAAGe1JRSNRxmSkB_DW8rFmLYqK3ot0paiMq-XBh4rUaTwf64Zf_hCyj4xrFYJ-1Uqr6GbZDtmosWVfuVoJtyxwhbiaAjDtaDGnFohcGGFFWcaz1pqDTrTJFsq_xFFkyToEpftKkIucL6sj-IgZOdXIisWCmyFCfdsW4L_2sXpWgG3SwWcnjqy_QCVh9YgXKcU77jl7GdYhMCAKxbxvRV0pn7XBA2yTrVQ6HpZPnrnjsdoRG-KWr3-rBzhD4kmeYDHoc1Y-OwO339Sap4ahfVB9ts2TqLrU9bCH8ATwaY1HAhRBRF6HkR44eYIt4g2a8IjAj_tYK-Mns3Kn0Z_XmMgJNPqoLI7SU6lAsNd_Y8jsL2HQ8Ofx85abFxj0MkC6CIPC8Qh84ZGmC7ZteUhHcLYJHwOKwSte30Bc2ojqLMi9w6mfY&midSig=2UhI8W_u2R8ck1&trkEmail=eml-jobs_jymbii_digest-job_card-0-jobcard_body_4428442279-null-c5cm47~mqj8deb1~9i-null-null&eid=c5cm47-mqj8deb1-9i&otpToken=MTUwNjFhZTUxYTJlY2VjNmIzMjQwNGVkNGUxZmUwYjM4ZmM2ZDc0MzllYWU4ZjYxNzJjMDAwNjY0NjVjNWNmNmZmZDNkZjgwNzVmNmYxYzE2Y2ZkZDVmNmU5NzQ3YzkyNDU5MzdlYWQ1YTg2ZDljYjg5YzhkNSwxLDE=,Doctoral Candidate (Remote),0,False,94L,94,missing 2028 signal,,Crossing Hurdles is hiring a Doctoral Researcher | $25/hr Remote,2026-06-18T08:21:13+00:00,Crossing Hurdles is hiring a Doctoral Researcher | $25/hr Remote LinkedIn <jobs-listings@linkedin.com> Top job picks for you: https://www.linkedin.com/comm/jobs/collections/recommended?origin=JYMBII_EMAIL&lgCta=eml-jymbii-bottom-see-all-jobs&lgTemp=jobs_jymbii_digest&lipi=urn%3Ali%3Apage%3Aemail_jobs_jymbii_digest%3BusPeGVMGQ5OlS5gt3ZaYPg%3D%3D&midToken=AQGKtG83IO2XTA&midSig=2UhI8W_u2R8ck1&trk=eml-jobs_jymbii_digest-null-0-null&trkEmail=eml-jobs_jymbii_digest-null-0-null-null-c5cm47~mqj8deb1~...
https://www.linkedin.com/comm/jobs/view/4425449734?trackingId=fhci9t9bRi2/oLEJ8hTZUA==&refId=xJEczLKASsCV413C9IZEQg==&eBP=CwEAAAGe1JRSNQ_fBfZlyWeyPoVwKKpmE22NVMZkTYXcmEvnevlDnO3EXGY_sPb7AqWhp1qeJ2Tcxxgb7orffl94SYW-zzGe5iHXKEXc-cUJ45PZCX9DARMirciH7xrSji4SFTmpTYsnUnanA0GyZaVvSXyblJI-nuZVaDV4HlhzktO1dPZnazFad2sn5JixXLJvQ7daAKdW3RtN3hdwXnfb56ZACPEwgt8qDRvccP74mZzdN4BX3FWdmxd5DjaItZQH7qpMXhuz4UIVUorZDDFE2P5h5PUR4uubtk1h4VpD&midSig=2UhI8W_u2R8ck1&trkEmail=eml-jobs_jymbii_digest-job_card-0-company_logo-null-c5cm47~mqj8deb1~9i-null-null&eid=c5cm47-mqj8deb1-9i&otpToken=MTUwNjFhZTUxYTJlY2VjNmIzMjQwNGVkNGUxZmUwYjM4ZmM2ZDc0MzllYWU4ZjYxNzJjMDAwNjY0NjVjNWNmNmZmZDNkZjgwNzVmNmYxYzE2Y2ZkZDVmNmU5NzQ3YzkyNDU5MzdlYWQ1YTg2ZDljYjg5YzhkNSwxLDE=,LinkedIn opportunity,0,False,94L,94,missing 2028 signal,,Crossing Hurdles is hiring a Doctoral Researcher | $25/hr Remote,2026-06-18T08:21:13+00:00,Crossing Hurdles is hiring a Doctoral Researcher | $25/hr Remote LinkedIn <jobs-listings@linkedin.com> Top job picks for you: https://www.linkedin.com/comm/jobs/collections/recommended?origin=JYMBII_EMAIL&lgCta=eml-jymbii-bottom-see-all-jobs&lgTemp=jobs_jymbii_digest&lipi=urn%3Ali%3Apage%3Aemail_jobs_jymbii_digest%3BusPeGVMGQ5OlS5gt3ZaYPg%3D%3D&midToken=AQGKtG83IO2XTA&midSig=2UhI8W_u2R8ck1&trk=eml-jobs_jymbii_digest-null-0-null&trkEmail=eml-jobs_jymbii_digest-null-0-null-null-c5cm47~mqj8deb1~...
https://www.linkedin.com/comm/jobs/view/4425449734?trackingId=fhci9t9bRi2/oLEJ8hTZUA==&refId=xJEczLKASsCV413C9IZEQg==&eBP=CwEAAAGe1JRSNQ_fBfZlyWeyPoVwKKpmE22NVMZkTYXcmEvnevlDnO3EXGY_sPb7AqWhp1qeJ2Tcxxgb7orffl94SYW-zzGe5iHXKEXc-cUJ45PZCX9DARMirciH7xrSji4SFTmpTYsnUnanA0GyZaVvSXyblJI-nuZVaDV4HlhzktO1dPZnazFad2sn5JixXLJvQ7daAKdW3RtN3hdwXnfb56ZACPEwgt8qDRvccP74mZzdN4BX3FWdmxd5DjaItZQH7qpMXhuz4UIVUorZDDFE2P5h5PUR4uubtk1h4VpD&midSig=2UhI8W_u2R8ck1&trkEmail=eml-jobs_jymbii_digest-job_card-0-jobcard_body_4425449734-null-c5cm47~mqj8deb1~9i-null-null&eid=c5cm47-mqj8deb1-9i&otpToken=MTUwNjFhZTUxYTJlY2VjNmIzMjQwNGVkNGUxZmUwYjM4ZmM2ZDc0MzllYWU4ZjYxNzJjMDAwNjY0NjVjNWNmNmZmZDNkZjgwNzVmNmYxYzE2Y2ZkZDVmNmU5NzQ3YzkyNDU5MzdlYWQ1YTg2ZDljYjg5YzhkNSwxLDE=,Data Evaluator - Fully Remote | Upto $120/hr,0,False,94L,94,missing 2028 signal,,Crossing Hurdles is hiring a Doctoral Researcher | $25/hr Remote,2026-06-18T08:21:13+00:00,Crossing Hurdles is hiring a Doctoral Researcher | $25/hr Remote LinkedIn <jobs-listings@linkedin.com> Top job picks for you: https://www.linkedin.com/comm/jobs/collections/recommended?origin=JYMBII_EMAIL&lgCta=eml-jymbii-bottom-see-all-jobs&lgTemp=jobs_jymbii_digest&lipi=urn%3Ali%3Apage%3Aemail_jobs_jymbii_digest%3BusPeGVMGQ5OlS5gt3ZaYPg%3D%3D&midToken=AQGKtG83IO2XTA&midSig=2UhI8W_u2R8ck1&trk=eml-jobs_jymbii_digest-null-0-null&trkEmail=eml-jobs_jymbii_digest-null-0-null-null-c5cm47~mqj8deb1~...
https://www.linkedin.com/comm/jobs/view/4426896107?trackingId=UIKnO94LTiGsQlaDzZkMzQ==&refId=JvPQ9bD+SjSMyR57BnYfDg==&eBP=NOT_ELIGIBLE_FOR_CHARGING&midSig=2UhI8W_u2R8ck1&trkEmail=eml-jobs_jymbii_digest-job_card-0-company_logo-null-c5cm47~mqj8deb1~9i-null-null&eid=c5cm47-mqj8deb1-9i&otpToken=MTUwNjFhZTUxYTJlY2VjNmIzMjQwNGVkNGUxZmUwYjM4ZmM2ZDc0MzllYWU4ZjYxNzJjMDAwNjY0NjVjNWNmNmZmZDNkZjgwNzVmNmYxYzE2Y2ZkZDVmNmU5NzQ3YzkyNDU5MzdlYWQ1YTg2ZDljYjg5YzhkNSwxLDE=,LinkedIn opportunity,0,False,94L,94,missing 2028 signal,,Crossing Hurdles is hiring a Doctoral Researcher | $25/hr Remote,2026-06-18T08:21:13+00:00,Crossing Hurdles is hiring a Doctoral Researcher | $25/hr Remote LinkedIn <jobs-listings@linkedin.com> Top job picks for you: https://www.linkedin.com/comm/jobs/collections/recommended?origin=JYMBII_EMAIL&lgCta=eml-jymbii-bottom-see-all-jobs&lgTemp=jobs_jymbii_digest&lipi=urn%3Ali%3Apage%3Aemail_jobs_jymbii_digest%3BusPeGVMGQ5OlS5gt3ZaYPg%3D%3D&midToken=AQGKtG83IO2XTA&midSig=2UhI8W_u2R8ck1&trk=eml-jobs_jymbii_digest-null-0-null&trkEmail=eml-jobs_jymbii_digest-null-0-null-null-c5cm47~mqj8deb1~...
https://www.linkedin.com/comm/jobs/view/4426896107?trackingId=UIKnO94LTiGsQlaDzZkMzQ==&refId=JvPQ9bD+SjSMyR57BnYfDg==&eBP=NOT_ELIGIBLE_FOR_CHARGING&midSig=2UhI8W_u2R8ck1&trkEmail=eml-jobs_jymbii_digest-job_card-0-jobcard_body_4426896107-null-c5cm47~mqj8deb1~9i-null-null&eid=c5cm47-mqj8deb1-9i&otpToken=MTUwNjFhZTUxYTJlY2VjNmIzMjQwNGVkNGUxZmUwYjM4ZmM2ZDc0MzllYWU4ZjYxNzJjMDAwNjY0NjVjNWNmNmZmZDNkZjgwNzVmNmYxYzE2Y2ZkZDVmNmU5NzQ3YzkyNDU5MzdlYWQ1YTg2ZDljYjg5YzhkNSwxLDE=,Academic Researcher - Remote,0,False,94L,94,missing 2028 signal,,Crossing Hurdles is hiring a Doctoral Researcher | $25/hr Remote,2026-06-18T08:21:13+00:00,Crossing Hurdles is hiring a Doctoral Researcher | $25/hr Remote LinkedIn <jobs-listings@linkedin.com> Top job picks for you: https://www.linkedin.com/comm/jobs/collections/recommended?origin=JYMBII_EMAIL&lgCta=eml-jymbii-bottom-see-all-jobs&lgTemp=jobs_jymbii_digest&lipi=urn%3Ali%3Apage%3Aemail_jobs_jymbii_digest%3BusPeGVMGQ5OlS5gt3ZaYPg%3D%3D&midToken=AQGKtG83IO2XTA&midSig=2UhI8W_u2R8ck1&trk=eml-jobs_jymbii_digest-null-0-null&trkEmail=eml-jobs_jymbii_digest-null-0-null-null-c5cm47~mqj8deb1~...
https://www.linkedin.com/comm/jobs/view/4427310101?trackingId=RFCQQJRRSb2kqsbA6JQd6A==&refId=tmLicFUMSo2A8CjTZ1OV8A==&eBP=NOT_ELIGIBLE_FOR_CHARGING&midSig=2UhI8W_u2R8ck1&trkEmail=eml-jobs_jymbii_digest-job_card-0-company_logo-null-c5cm47~mqj8deb1~9i-null-null&eid=c5cm47-mqj8deb1-9i&otpToken=MTUwNjFhZTUxYTJlY2VjNmIzMjQwNGVkNGUxZmUwYjM4ZmM2ZDc0MzllYWU4ZjYxNzJjMDAwNjY0NjVjNWNmNmZmZDNkZjgwNzVmNmYxYzE2Y2ZkZDVmNmU5NzQ3YzkyNDU5MzdlYWQ1YTg2ZDljYjg5YzhkNSwxLDE=,LinkedIn opportunity,0,False,94L,94,missing 2028 signal,,Crossing Hurdles is hiring a Doctoral Researcher | $25/hr Remote,2026-06-18T08:21:13+00:00,Crossing Hurdles is hiring a Doctoral Researcher | $25/hr Remote LinkedIn <jobs-listings@linkedin.com> Top job picks for you: https://www.linkedin.com/comm/jobs/collections/recommended?origin=JYMBII_EMAIL&lgCta=eml-jymbii-bottom-see-all-jobs&lgTemp=jobs_jymbii_digest&lipi=urn%3Ali%3Apage%3Aemail_jobs_jymbii_digest%3BusPeGVMGQ5OlS5gt3ZaYPg%3D%3D&midToken=AQGKtG83IO2XTA&midSig=2UhI8W_u2R8ck1&trk=eml-jobs_jymbii_digest-null-0-null&trkEmail=eml-jobs_jymbii_digest-null-0-null-null-c5cm47~mqj8deb1~...
https://www.linkedin.com/comm/jobs/view/4427310101?trackingId=RFCQQJRRSb2kqsbA6JQd6A==&refId=tmLicFUMSo2A8CjTZ1OV8A==&eBP=NOT_ELIGIBLE_FOR_CHARGING&midSig=2UhI8W_u2R8ck1&trkEmail=eml-jobs_jymbii_digest-job_card-0-jobcard_body_4427310101-null-c5cm47~mqj8deb1~9i-null-null&eid=c5cm47-mqj8deb1-9i&otpToken=MTUwNjFhZTUxYTJlY2VjNmIzMjQwNGVkNGUxZmUwYjM4ZmM2ZDc0MzllYWU4ZjYxNzJjMDAwNjY0NjVjNWNmNmZmZDNkZjgwNzVmNmYxYzE2Y2ZkZDVmNmU5NzQ3YzkyNDU5MzdlYWQ1YTg2ZDljYjg5YzhkNSwxLDE=,Academic Researcher - Remote,0,False,94L,94,missing 2028 signal,,Crossing Hurdles is hiring a Doctoral Researcher | $25/hr Remote,2026-06-18T08:21:13+00:00,Crossing Hurdles is hiring a Doctoral Researcher | $25/hr Remote LinkedIn <jobs-listings@linkedin.com> Top job picks for you: https://www.linkedin.com/comm/jobs/collections/recommended?origin=JYMBII_EMAIL&lgCta=eml-jymbii-bottom-see-all-jobs&lgTemp=jobs_jymbii_digest&lipi=urn%3Ali%3Apage%3Aemail_jobs_jymbii_digest%3BusPeGVMGQ5OlS5gt3ZaYPg%3D%3D&midToken=AQGKtG83IO2XTA&midSig=2UhI8W_u2R8ck1&trk=eml-jobs_jymbii_digest-null-0-null&trkEmail=eml-jobs_jymbii_digest-null-0-null-null-c5cm47~mqj8deb1~...
https://www.linkedin.com/comm/jobs/view/4415004773?trackingId=xOMkRzoiQU+Q0eC4aeTCrw==&refId=ZZSMTiWyS6G0NqKNrIuBlw==&eBP=CwEAAAGe1JRSNVvPFq9KeKKAPIkmGoV3oCraG3u3DK6A4Ml0nPTIRsKaYmrp80sxjirx2zEsE6Mrd_Y9LSsGQaWN6ffpaXYcakrPe6RhSy1xgYNUOqpsqGo04O__xadDs-UZgbhiQjwhipToQqvKOGnC8hfLFdjs7_jDg2eqFu_NSGKBsFYbmqJNN4_YxJZjuXJafrRvzArlDX1LO4UOIOrTZd1-A744GPScJpxdxY45xUXoI4-CD1nk4ZuC7UMuhRkFo3LR6yZXaWxJQajll_3YY9nAmFEUwAr7dMiNgeZmVqKPe4P-tCrUaF4BTdMXFzDU2r8jjxBWntO28r4GH6TGitCgbofB9j8TU8oZ4I788dpN14Fy3xDWjnj65wIAE8benPr1xHcwhBawjasHDO9A8dPNGVe2ttgyVGiXndu2hZn-oGY&midSig=2UhI8W_u2R8ck1&trkEmail=eml-jobs_jymbii_digest-jymbii-0-view_job-null-c5cm47~mqj8deb1~9i-null-null&eid=c5cm47-mqj8deb1-9i&otpToken=MTUwNjFhZTUxYTJlY2VjNmIzMjQwNGVkNGUxZmUwYjM4ZmM2ZDc0MzllYWU4ZjYxNzJjMDAwNjY0NjVjNWNmNmZmZDNkZjgwNzVmNmYxYzE2Y2ZkZDVmNmU5NzQ3YzkyNDU5MzdlYWQ1YTg2ZDljYjg5YzhkNSwxLDE=,LinkedIn opportunity,0,False,94L,94,missing 2028 signal,,Crossing Hurdles is hiring a Doctoral Researcher | $25/hr Remote,2026-06-18T08:21:13+00:00,Crossing Hurdles is hiring a Doctoral Researcher | $25/hr Remote LinkedIn <jobs-listings@linkedin.com> Top job picks for you: https://www.linkedin.com/comm/jobs/collections/recommended?origin=JYMBII_EMAIL&lgCta=eml-jymbii-bottom-see-all-jobs&lgTemp=jobs_jymbii_digest&lipi=urn%3Ali%3Apage%3Aemail_jobs_jymbii_digest%3BusPeGVMGQ5OlS5gt3ZaYPg%3D%3D&midToken=AQGKtG83IO2XTA&midSig=2UhI8W_u2R8ck1&trk=eml-jobs_jymbii_digest-null-0-null&trkEmail=eml-jobs_jymbii_digest-null-0-null-null-c5cm47~mqj8deb1~...
https://www.linkedin.com/comm/jobs/view/4429760376?trackingId=YP1TDK8zQOyhY0z+xYD33Q==&refId=zb+HUVf0RlK0hNaE3PIuhA==&eBP=BUDGET_EXHAUSTED_JOB&midSig=2UhI8W_u2R8ck1&trkEmail=eml-jobs_jymbii_digest-jymbii-0-view_job-null-c5cm47~mqj8deb1~9i-null-null&eid=c5cm47-mqj8deb1-9i&otpToken=MTUwNjFhZTUxYTJlY2VjNmIzMjQwNGVkNGUxZmUwYjM4ZmM2ZDc0MzllYWU4ZjYxNzJjMDAwNjY0NjVjNWNmNmZmZDNkZjgwNzVmNmYxYzE2Y2ZkZDVmNmU5NzQ3YzkyNDU5MzdlYWQ1YTg2ZDljYjg5YzhkNSwxLDE=,LinkedIn opportunity,0,False,94L,94,missing 2028 signal,,Crossing Hurdles is hiring a Doctoral Researcher | $25/hr Remote,2026-06-18T08:21:13+00:00,Crossing Hurdles is hiring a Doctoral Researcher | $25/hr Remote LinkedIn <jobs-listings@linkedin.com> Top job picks for you: https://www.linkedin.com/comm/jobs/collections/recommended?origin=JYMBII_EMAIL&lgCta=eml-jymbii-bottom-see-all-jobs&lgTemp=jobs_jymbii_digest&lipi=urn%3Ali%3Apage%3Aemail_jobs_jymbii_digest%3BusPeGVMGQ5OlS5gt3ZaYPg%3D%3D&midToken=AQGKtG83IO2XTA&midSig=2UhI8W_u2R8ck1&trk=eml-jobs_jymbii_digest-null-0-null&trkEmail=eml-jobs_jymbii_digest-null-0-null-null-c5cm47~mqj8deb1~...
https://www.linkedin.com/comm/jobs/view/4428442279?trackingId=Lf5m3GB0TmuFgwvURvirig==&refId=IYCIsXciSu2e4Whgp4ZiEA==&eBP=CwEAAAGe1JRSNRxmSkB_DW8rFmLYqK3ot0paiMq-XBh4rUaTwf64Zf_hCyj4xrFYJ-1Uqr6GbZDtmosWVfuVoJtyxwhbiaAjDtaDGnFohcGGFFWcaz1pqDTrTJFsq_xFFkyToEpftKkIucL6sj-IgZOdXIisWCmyFCfdsW4L_2sXpWgG3SwWcnjqy_QCVh9YgXKcU77jl7GdYhMCAKxbxvRV0pn7XBA2yTrVQ6HpZPnrnjsdoRG-KWr3-rBzhD4kmeYDHoc1Y-OwO339Sap4ahfVB9ts2TqLrU9bCH8ATwaY1HAhRBRF6HkR44eYIt4g2a8IjAj_tYK-Mns3Kn0Z_XmMgJNPqoLI7SU6lAsNd_Y8jsL2HQ8Ofx85abFxj0MkC6CIPC8Qh84ZGmC7ZteUhHcLYJHwOKwSte30Bc2ojqLMi9w6mfY&midSig=2UhI8W_u2R8ck1&trkEmail=eml-jobs_jymbii_digest-jymbii-0-view_job-null-c5cm47~mqj8deb1~9i-null-null&eid=c5cm47-mqj8deb1-9i&otpToken=MTUwNjFhZTUxYTJlY2VjNmIzMjQwNGVkNGUxZmUwYjM4ZmM2ZDc0MzllYWU4ZjYxNzJjMDAwNjY0NjVjNWNmNmZmZDNkZjgwNzVmNmYxYzE2Y2ZkZDVmNmU5NzQ3YzkyNDU5MzdlYWQ1YTg2ZDljYjg5YzhkNSwxLDE=,LinkedIn opportunity,0,False,94L,94,missing 2028 signal,,Crossing Hurdles is hiring a Doctoral Researcher | $25/hr Remote,2026-06-18T08:21:13+00:00,Crossing Hurdles is hiring a Doctoral Researcher | $25/hr Remote LinkedIn <jobs-listings@linkedin.com> Top job picks for you: https://www.linkedin.com/comm/jobs/collections/recommended?origin=JYMBII_EMAIL&lgCta=eml-jymbii-bottom-see-all-jobs&lgTemp=jobs_jymbii_digest&lipi=urn%3Ali%3Apage%3Aemail_jobs_jymbii_digest%3BusPeGVMGQ5OlS5gt3ZaYPg%3D%3D&midToken=AQGKtG83IO2XTA&midSig=2UhI8W_u2R8ck1&trk=eml-jobs_jymbii_digest-null-0-null&trkEmail=eml-jobs_jymbii_digest-null-0-null-null-c5cm47~mqj8deb1~...
https://www.linkedin.com/comm/jobs/view/4425449734?trackingId=fhci9t9bRi2/oLEJ8hTZUA==&refId=xJEczLKASsCV413C9IZEQg==&eBP=CwEAAAGe1JRSNQ_fBfZlyWeyPoVwKKpmE22NVMZkTYXcmEvnevlDnO3EXGY_sPb7AqWhp1qeJ2Tcxxgb7orffl94SYW-zzGe5iHXKEXc-cUJ45PZCX9DARMirciH7xrSji4SFTmpTYsnUnanA0GyZaVvSXyblJI-nuZVaDV4HlhzktO1dPZnazFad2sn5JixXLJvQ7daAKdW3RtN3hdwXnfb56ZACPEwgt8qDRvccP74mZzdN4BX3FWdmxd5DjaItZQH7qpMXhuz4UIVUorZDDFE2P5h5PUR4uubtk1h4VpD&midSig=2UhI8W_u2R8ck1&trkEmail=eml-jobs_jymbii_digest-jymbii-0-view_job-null-c5cm47~mqj8deb1~9i-null-null&eid=c5cm47-mqj8deb1-9i&otpToken=MTUwNjFhZTUxYTJlY2VjNmIzMjQwNGVkNGUxZmUwYjM4ZmM2ZDc0MzllYWU4ZjYxNzJjMDAwNjY0NjVjNWNmNmZmZDNkZjgwNzVmNmYxYzE2Y2ZkZDVmNmU5NzQ3YzkyNDU5MzdlYWQ1YTg2ZDljYjg5YzhkNSwxLDE=,LinkedIn opportunity,0,False,94L,94,missing 2028 signal,,Crossing Hurdles is hiring a Doctoral Researcher | $25/hr Remote,2026-06-18T08:21:13+00:00,Crossing Hurdles is hiring a Doctoral Researcher | $25/hr Remote LinkedIn <jobs-listings@linkedin.com> Top job picks for you: https://www.linkedin.com/comm/jobs/collections/recommended?origin=JYMBII_EMAIL&lgCta=eml-jymbii-bottom-see-all-jobs&lgTemp=jobs_jymbii_digest&lipi=urn%3Ali%3Apage%3Aemail_jobs_jymbii_digest%3BusPeGVMGQ5OlS5gt3ZaYPg%3D%3D&midToken=AQGKtG83IO2XTA&midSig=2UhI8W_u2R8ck1&trk=eml-jobs_jymbii_digest-null-0-null&trkEmail=eml-jobs_jymbii_digest-null-0-null-null-c5cm47~mqj8deb1~...
https://www.linkedin.com/comm/jobs/view/4426896107?trackingId=UIKnO94LTiGsQlaDzZkMzQ==&refId=JvPQ9bD+SjSMyR57BnYfDg==&eBP=NOT_ELIGIBLE_FOR_CHARGING&midSig=2UhI8W_u2R8ck1&trkEmail=eml-jobs_jymbii_digest-jymbii-0-view_job-null-c5cm47~mqj8deb1~9i-null-null&eid=c5cm47-mqj8deb1-9i&otpToken=MTUwNjFhZTUxYTJlY2VjNmIzMjQwNGVkNGUxZmUwYjM4ZmM2ZDc0MzllYWU4ZjYxNzJjMDAwNjY0NjVjNWNmNmZmZDNkZjgwNzVmNmYxYzE2Y2ZkZDVmNmU5NzQ3YzkyNDU5MzdlYWQ1YTg2ZDljYjg5YzhkNSwxLDE=,LinkedIn opportunity,0,False,94L,94,missing 2028 signal,,Crossing Hurdles is hiring a Doctoral Researcher | $25/hr Remote,2026-06-18T08:21:13+00:00,Crossing Hurdles is hiring a Doctoral Researcher | $25/hr Remote LinkedIn <jobs-listings@linkedin.com> Top job picks for you: https://www.linkedin.com/comm/jobs/collections/recommended?origin=JYMBII_EMAIL&lgCta=eml-jymbii-bottom-see-all-jobs&lgTemp=jobs_jymbii_digest&lipi=urn%3Ali%3Apage%3Aemail_jobs_jymbii_digest%3BusPeGVMGQ5OlS5gt3ZaYPg%3D%3D&midToken=AQGKtG83IO2XTA&midSig=2UhI8W_u2R8ck1&trk=eml-jobs_jymbii_digest-null-0-null&trkEmail=eml-jobs_jymbii_digest-null-0-null-null-c5cm47~mqj8deb1~...
https://www.linkedin.com/comm/jobs/view/4427310101?trackingId=RFCQQJRRSb2kqsbA6JQd6A==&refId=tmLicFUMSo2A8CjTZ1OV8A==&eBP=NOT_ELIGIBLE_FOR_CHARGING&midSig=2UhI8W_u2R8ck1&trkEmail=eml-jobs_jymbii_digest-jymbii-0-view_job-null-c5cm47~mqj8deb1~9i-null-null&eid=c5cm47-mqj8deb1-9i&otpToken=MTUwNjFhZTUxYTJlY2VjNmIzMjQwNGVkNGUxZmUwYjM4ZmM2ZDc0MzllYWU4ZjYxNzJjMDAwNjY0NjVjNWNmNmZmZDNkZjgwNzVmNmYxYzE2Y2ZkZDVmNmU5NzQ3YzkyNDU5MzdlYWQ1YTg2ZDljYjg5YzhkNSwxLDE=,LinkedIn opportunity,0,False,94L,94,missing 2028 signal,,Crossing Hurdles is hiring a Doctoral Researcher | $25/hr Remote,2026-06-18T08:21:13+00:00,Crossing Hurdles is hiring a Doctoral Researcher | $25/hr Remote LinkedIn <jobs-listings@linkedin.com> Top job picks for you: https://www.linkedin.com/comm/jobs/collections/recommended?origin=JYMBII_EMAIL&lgCta=eml-jymbii-bottom-see-all-jobs&lgTemp=jobs_jymbii_digest&lipi=urn%3Ali%3Apage%3Aemail_jobs_jymbii_digest%3BusPeGVMGQ5OlS5gt3ZaYPg%3D%3D&midToken=AQGKtG83IO2XTA&midSig=2UhI8W_u2R8ck1&trk=eml-jobs_jymbii_digest-null-0-null&trkEmail=eml-jobs_jymbii_digest-null-0-null-null-c5cm47~mqj8deb1~...
https://www.linkedin.com/comm/jobs/view/4427326397?trackingId=UYlM6wTrRzSnUX2yBHtkqQ==&refId=dp8iep+NSh693kweAOBkGw==&eBP=CwEAAAGe3sfLiRAWRtPS5JCKQ6E5Y78ZYfW4Ls9AoE5PiZFNrbt58jocFfqS_xEjjCeEuKbZJK8nPc5lUfUkvFzrm0xysPZiy__DXrlmP7m8Sc1ujRvoeZByjPRpUdxfogA-cPEKrAfibPBrHINej7SRar-H8oyVCAoGzkt7-3mi7i6PoGPBGdrBNvY7F90EkVGVSjPxwoWgYZZBKasfVh7s8RG5t6UFBTMTkWm-lVj9OXYrO6jN6vWglxLVOK--rG3r13klj8UsmYOYyiQpj8_WakrW89PYAM_BXyOB7wZJbZa5XImMD7H3UgbhG4Wky5VWerwCCGZoz5ac68hCMPCZVXps-ei9RUh31r8Ig8enwKOtspNuEsIs3lfg3q5P8qV2d5_BPFh0g50U--xmyE1P-JrwZjRviqSuPebwwk-kjaQG9dg_l2jO&midSig=25bRKhg3ll9Ik1&trkEmail=eml-jobs_jymbii_digest-job_card-0-company_logo-null-c5cm47~mqknt8vv~sh-null-null&eid=c5cm47-mqknt8vv-sh&otpToken=MTUwNjFhZTUxYTJlY2VjNmIzMjQwNGVkNGUxZmVmYjE4OGNjZDc0MTlhYTk4YTYxNzJjMDAwNjY0NjVjNWNmNmZmZDNkZmFiNDFjZGRmZjA1MDgwZDA2MGIzMDJjYTZhMDAwZmQ5NzhjNTAwMGExMTFlN2EyNiwxLDE=,LinkedIn opportunity,0,False,5l,5,missing 2028 signal,,Call For Referral is hiring: Postdoctoral Research Scientist – STEM (Remote | Part-Time | $55 –$70/hr).,2026-06-19T08:21:10+00:00,Call For Referral is hiring: Postdoctoral Research Scientist – STEM (Remote | Part-Time | $55 –$70/hr). LinkedIn <jobs-listings@linkedin.com> Top job picks for you: https://www.linkedin.com/comm/jobs/collections/recommended?origin=JYMBII_EMAIL&lgCta=eml-jymbii-bottom-see-all-jobs&lgTemp=jobs_jymbii_digest&lipi=urn%3Ali%3Apage%3Aemail_jobs_jymbii_digest%3BR1HbgdcvQxyj%2Bi5ZGFJbSQ%3D%3D&midToken=AQGKtG83IO2XTA&midSig=25bRKhg3ll9Ik1&trk=eml-jobs_jymbii_digest-null-0-null&trkEmail=eml-jobs_jymbii...
https://www.linkedin.com/comm/jobs/view/4427326397?trackingId=UYlM6wTrRzSnUX2yBHtkqQ==&refId=dp8iep+NSh693kweAOBkGw==&eBP=CwEAAAGe3sfLiRAWRtPS5JCKQ6E5Y78ZYfW4Ls9AoE5PiZFNrbt58jocFfqS_xEjjCeEuKbZJK8nPc5lUfUkvFzrm0xysPZiy__DXrlmP7m8Sc1ujRvoeZByjPRpUdxfogA-cPEKrAfibPBrHINej7SRar-H8oyVCAoGzkt7-3mi7i6PoGPBGdrBNvY7F90EkVGVSjPxwoWgYZZBKasfVh7s8RG5t6UFBTMTkWm-lVj9OXYrO6jN6vWglxLVOK--rG3r13klj8UsmYOYyiQpj8_WakrW89PYAM_BXyOB7wZJbZa5XImMD7H3UgbhG4Wky5VWerwCCGZoz5ac68hCMPCZVXps-ei9RUh31r8Ig8enwKOtspNuEsIs3lfg3q5P8qV2d5_BPFh0g50U--xmyE1P-JrwZjRviqSuPebwwk-kjaQG9dg_l2jO&midSig=25bRKhg3ll9Ik1&trkEmail=eml-jobs_jymbii_digest-job_card-0-jobcard_body_4427326397-null-c5cm47~mqknt8vv~sh-null-null&eid=c5cm47-mqknt8vv-sh&otpToken=MTUwNjFhZTUxYTJlY2VjNmIzMjQwNGVkNGUxZmVmYjE4OGNjZDc0MTlhYTk4YTYxNzJjMDAwNjY0NjVjNWNmNmZmZDNkZmFiNDFjZGRmZjA1MDgwZDA2MGIzMDJjYTZhMDAwZmQ5NzhjNTAwMGExMTFlN2EyNiwxLDE=,Postdoctoral Research Scientist – STEM (Remote | Part-Time | $55 –$70/hr),0,False,5l,5,missing 2028 signal,,Call For Referral is hiring: Postdoctoral Research Scientist – STEM (Remote | Part-Time | $55 –$70/hr).,2026-06-19T08:21:10+00:00,Call For Referral is hiring: Postdoctoral Research Scientist – STEM (Remote | Part-Time | $55 –$70/hr). LinkedIn <jobs-listings@linkedin.com> Top job picks for you: https://www.linkedin.com/comm/jobs/collections/recommended?origin=JYMBII_EMAIL&lgCta=eml-jymbii-bottom-see-all-jobs&lgTemp=jobs_jymbii_digest&lipi=urn%3Ali%3Apage%3Aemail_jobs_jymbii_digest%3BR1HbgdcvQxyj%2Bi5ZGFJbSQ%3D%3D&midToken=AQGKtG83IO2XTA&midSig=25bRKhg3ll9Ik1&trk=eml-jobs_jymbii_digest-null-0-null&trkEmail=eml-jobs_jymbii...
https://www.linkedin.com/comm/jobs/view/4430905103?trackingId=jFIICJfIQ3ev9w2Z3yp69A==&refId=8VhIFoSwR+6/wscpPu3ZlA==&eBP=BUDGET_EXHAUSTED_JOB&midSig=25bRKhg3ll9Ik1&trkEmail=eml-jobs_jymbii_digest-job_card-0-company_logo-null-c5cm47~mqknt8vv~sh-null-null&eid=c5cm47-mqknt8vv-sh&otpToken=MTUwNjFhZTUxYTJlY2VjNmIzMjQwNGVkNGUxZmVmYjE4OGNjZDc0MTlhYTk4YTYxNzJjMDAwNjY0NjVjNWNmNmZmZDNkZmFiNDFjZGRmZjA1MDgwZDA2MGIzMDJjYTZhMDAwZmQ5NzhjNTAwMGExMTFlN2EyNiwxLDE=,LinkedIn opportunity,0,False,5l,5,missing 2028 signal,,Call For Referral is hiring: Postdoctoral Research Scientist – STEM (Remote | Part-Time | $55 –$70/hr).,2026-06-19T08:21:10+00:00,Call For Referral is hiring: Postdoctoral Research Scientist – STEM (Remote | Part-Time | $55 –$70/hr). LinkedIn <jobs-listings@linkedin.com> Top job picks for you: https://www.linkedin.com/comm/jobs/collections/recommended?origin=JYMBII_EMAIL&lgCta=eml-jymbii-bottom-see-all-jobs&lgTemp=jobs_jymbii_digest&lipi=urn%3Ali%3Apage%3Aemail_jobs_jymbii_digest%3BR1HbgdcvQxyj%2Bi5ZGFJbSQ%3D%3D&midToken=AQGKtG83IO2XTA&midSig=25bRKhg3ll9Ik1&trk=eml-jobs_jymbii_digest-null-0-null&trkEmail=eml-jobs_jymbii...
https://www.linkedin.com/comm/jobs/view/4430905103?trackingId=jFIICJfIQ3ev9w2Z3yp69A==&refId=8VhIFoSwR+6/wscpPu3ZlA==&eBP=BUDGET_EXHAUSTED_JOB&midSig=25bRKhg3ll9Ik1&trkEmail=eml-jobs_jymbii_digest-job_card-0-jobcard_body_4430905103-null-c5cm47~mqknt8vv~sh-null-null&eid=c5cm47-mqknt8vv-sh&otpToken=MTUwNjFhZTUxYTJlY2VjNmIzMjQwNGVkNGUxZmVmYjE4OGNjZDc0MTlhYTk4YTYxNzJjMDAwNjY0NjVjNWNmNmZmZDNkZmFiNDFjZGRmZjA1MDgwZDA2MGIzMDJjYTZhMDAwZmQ5NzhjNTAwMGExMTFlN2EyNiwxLDE=,AI Evaluator (Remote),0,False,5l,5,missing 2028 signal,,Call For Referral is hiring: Postdoctoral Research Scientist – STEM (Remote | Part-Time | $55 –$70/hr).,2026-06-19T08:21:10+00:00,Call For Referral is hiring: Postdoctoral Research Scientist – STEM (Remote | Part-Time | $55 –$70/hr). LinkedIn <jobs-listings@linkedin.com> Top job picks for you: https://www.linkedin.com/comm/jobs/collections/recommended?origin=JYMBII_EMAIL&lgCta=eml-jymbii-bottom-see-all-jobs&lgTemp=jobs_jymbii_digest&lipi=urn%3Ali%3Apage%3Aemail_jobs_jymbii_digest%3BR1HbgdcvQxyj%2Bi5ZGFJbSQ%3D%3D&midToken=AQGKtG83IO2XTA&midSig=25bRKhg3ll9Ik1&trk=eml-jobs_jymbii_digest-null-0-null&trkEmail=eml-jobs_jymbii...
https://www.linkedin.com/comm/jobs/view/4429616693?trackingId=GIkpSlo8S+eIdH6I/vtBIQ==&refId=3VR4psblTl6wxjM7ksBoag==&eBP=CwEAAAGe3sfLiYFJAclLnkASwguyaNbk9tZylugYAI4Qk8gjh_k6Dq3OpsPMyXrApdp_dbISWU-mM63KMHykXLMPT3xH8wsOSowJadDOq6vCpMWn58xAzrNqYqsZFKRFyNJdpiSy9XeLKa8pp-6ZKjHXcG74Sz_GJpfGfywi5T_M8jCDM5So2Dfzom_CQN52JuCaSJoFWwP7YbU1trXoWNHDKJnU_vpLUnjX1K0qA81W29WZhO60FZFZKyPqT4bW_NMOzehbpo3XY66R--hcWWQANImxy0NufMdh_XhVHuA57Y5_eCmzNOiatn2Y_INPjZ63Vi0tgca7TtDdex5GtyU-1MnPKeGBOSrUqLbzd3qVkR5U3dQLt02WwE6SBu2xIBJvWtPXMuKBbsbZ6ut5ExgxCsun5OBWOfO7Xy-5HMRKb5OuXSvAoA&midSig=25bRKhg3ll9Ik1&trkEmail=eml-jobs_jymbii_digest-job_card-0-company_logo-null-c5cm47~mqknt8vv~sh-null-null&eid=c5cm47-mqknt8vv-sh&otpToken=MTUwNjFhZTUxYTJlY2VjNmIzMjQwNGVkNGUxZmVmYjE4OGNjZDc0MTlhYTk4YTYxNzJjMDAwNjY0NjVjNWNmNmZmZDNkZmFiNDFjZGRmZjA1MDgwZDA2MGIzMDJjYTZhMDAwZmQ5NzhjNTAwMGExMTFlN2EyNiwxLDE=,LinkedIn opportunity,0,False,5l,5,missing 2028 signal,,Call For Referral is hiring: Postdoctoral Research Scientist – STEM (Remote | Part-Time | $55 –$70/hr).,2026-06-19T08:21:10+00:00,Call For Referral is hiring: Postdoctoral Research Scientist – STEM (Remote | Part-Time | $55 –$70/hr). LinkedIn <jobs-listings@linkedin.com> Top job picks for you: https://www.linkedin.com/comm/jobs/collections/recommended?origin=JYMBII_EMAIL&lgCta=eml-jymbii-bottom-see-all-jobs&lgTemp=jobs_jymbii_digest&lipi=urn%3Ali%3Apage%3Aemail_jobs_jymbii_digest%3BR1HbgdcvQxyj%2Bi5ZGFJbSQ%3D%3D&midToken=AQGKtG83IO2XTA&midSig=25bRKhg3ll9Ik1&trk=eml-jobs_jymbii_digest-null-0-null&trkEmail=eml-jobs_jymbii...
https://www.linkedin.com/comm/jobs/view/4429616693?trackingId=GIkpSlo8S+eIdH6I/vtBIQ==&refId=3VR4psblTl6wxjM7ksBoag==&eBP=CwEAAAGe3sfLiYFJAclLnkASwguyaNbk9tZylugYAI4Qk8gjh_k6Dq3OpsPMyXrApdp_dbISWU-mM63KMHykXLMPT3xH8wsOSowJadDOq6vCpMWn58xAzrNqYqsZFKRFyNJdpiSy9XeLKa8pp-6ZKjHXcG74Sz_GJpfGfywi5T_M8jCDM5So2Dfzom_CQN52JuCaSJoFWwP7YbU1trXoWNHDKJnU_vpLUnjX1K0qA81W29WZhO60FZFZKyPqT4bW_NMOzehbpo3XY66R--hcWWQANImxy0NufMdh_XhVHuA57Y5_eCmzNOiatn2Y_INPjZ63Vi0tgca7TtDdex5GtyU-1MnPKeGBOSrUqLbzd3qVkR5U3dQLt02WwE6SBu2xIBJvWtPXMuKBbsbZ6ut5ExgxCsun5OBWOfO7Xy-5HMRKb5OuXSvAoA&midSig=25bRKhg3ll9Ik1&trkEmail=eml-jobs_jymbii_digest-job_card-0-jobcard_body_4429616693-null-c5cm47~mqknt8vv~sh-null-null&eid=c5cm47-mqknt8vv-sh&otpToken=MTUwNjFhZTUxYTJlY2VjNmIzMjQwNGVkNGUxZmVmYjE4OGNjZDc0MTlhYTk4YTYxNzJjMDAwNjY0NjVjNWNmNmZmZDNkZmFiNDFjZGRmZjA1MDgwZDA2MGIzMDJjYTZhMDAwZmQ5NzhjNTAwMGExMTFlN2EyNiwxLDE=,PhD Scholar (Remote),0,False,5l,5,missing 2028 signal,,Call For Referral is hiring: Postdoctoral Research Scientist – STEM (Remote | Part-Time | $55 –$70/hr).,2026-06-19T08:21:10+00:00,Call For Referral is hiring: Postdoctoral Research Scientist – STEM (Remote | Part-Time | $55 –$70/hr). LinkedIn <jobs-listings@linkedin.com> Top job picks for you: https://www.linkedin.com/comm/jobs/collections/recommended?origin=JYMBII_EMAIL&lgCta=eml-jymbii-bottom-see-all-jobs&lgTemp=jobs_jymbii_digest&lipi=urn%3Ali%3Apage%3Aemail_jobs_jymbii_digest%3BR1HbgdcvQxyj%2Bi5ZGFJbSQ%3D%3D&midToken=AQGKtG83IO2XTA&midSig=25bRKhg3ll9Ik1&trk=eml-jobs_jymbii_digest-null-0-null&trkEmail=eml-jobs_jymbii...
https://www.linkedin.com/comm/jobs/view/4430903166?trackingId=WDdLnDqWTIKqHgpQqRiDxQ==&refId=OS7j/7OHRliyMFJlQiQesA==&eBP=BUDGET_EXHAUSTED_JOB&midSig=25bRKhg3ll9Ik1&trkEmail=eml-jobs_jymbii_digest-job_card-0-company_logo-null-c5cm47~mqknt8vv~sh-null-null&eid=c5cm47-mqknt8vv-sh&otpToken=MTUwNjFhZTUxYTJlY2VjNmIzMjQwNGVkNGUxZmVmYjE4OGNjZDc0MTlhYTk4YTYxNzJjMDAwNjY0NjVjNWNmNmZmZDNkZmFiNDFjZGRmZjA1MDgwZDA2MGIzMDJjYTZhMDAwZmQ5NzhjNTAwMGExMTFlN2EyNiwxLDE=,LinkedIn opportunity,0,False,5l,5,missing 2028 signal,,Call For Referral is hiring: Postdoctoral Research Scientist – STEM (Remote | Part-Time | $55 –$70/hr).,2026-06-19T08:21:10+00:00,Call For Referral is hiring: Postdoctoral Research Scientist – STEM (Remote | Part-Time | $55 –$70/hr). LinkedIn <jobs-listings@linkedin.com> Top job picks for you: https://www.linkedin.com/comm/jobs/collections/recommended?origin=JYMBII_EMAIL&lgCta=eml-jymbii-bottom-see-all-jobs&lgTemp=jobs_jymbii_digest&lipi=urn%3Ali%3Apage%3Aemail_jobs_jymbii_digest%3BR1HbgdcvQxyj%2Bi5ZGFJbSQ%3D%3D&midToken=AQGKtG83IO2XTA&midSig=25bRKhg3ll9Ik1&trk=eml-jobs_jymbii_digest-null-0-null&trkEmail=eml-jobs_jymbii...
https://www.linkedin.com/comm/jobs/view/4430903166?trackingId=WDdLnDqWTIKqHgpQqRiDxQ==&refId=OS7j/7OHRliyMFJlQiQesA==&eBP=BUDGET_EXHAUSTED_JOB&midSig=25bRKhg3ll9Ik1&trkEmail=eml-jobs_jymbii_digest-job_card-0-jobcard_body_4430903166-null-c5cm47~mqknt8vv~sh-null-null&eid=c5cm47-mqknt8vv-sh&otpToken=MTUwNjFhZTUxYTJlY2VjNmIzMjQwNGVkNGUxZmVmYjE4OGNjZDc0MTlhYTk4YTYxNzJjMDAwNjY0NjVjNWNmNmZmZDNkZmFiNDFjZGRmZjA1MDgwZDA2MGIzMDJjYTZhMDAwZmQ5NzhjNTAwMGExMTFlN2EyNiwxLDE=,STEM Expert (Remote),0,False,5l,5,missing 2028 signal,,Call For Referral is hiring: Postdoctoral Research Scientist – STEM (Remote | Part-Time | $55 –$70/hr).,2026-06-19T08:21:10+00:00,Call For Referral is hiring: Postdoctoral Research Scientist – STEM (Remote | Part-Time | $55 –$70/hr). LinkedIn <jobs-listings@linkedin.com> Top job picks for you: https://www.linkedin.com/comm/jobs/collections/recommended?origin=JYMBII_EMAIL&lgCta=eml-jymbii-bottom-see-all-jobs&lgTemp=jobs_jymbii_digest&lipi=urn%3Ali%3Apage%3Aemail_jobs_jymbii_digest%3BR1HbgdcvQxyj%2Bi5ZGFJbSQ%3D%3D&midToken=AQGKtG83IO2XTA&midSig=25bRKhg3ll9Ik1&trk=eml-jobs_jymbii_digest-null-0-null&trkEmail=eml-jobs_jymbii...
https://www.linkedin.com/comm/jobs/view/4426225663?trackingId=xrzfFZZxTDOWA9pifHVMlw==&refId=FGRejDpuQw2DzbxmSIdi/g==&eBP=BUDGET_EXHAUSTED_JOB&midSig=25bRKhg3ll9Ik1&trkEmail=eml-jobs_jymbii_digest-job_card-0-company_logo-null-c5cm47~mqknt8vv~sh-null-null&eid=c5cm47-mqknt8vv-sh&otpToken=MTUwNjFhZTUxYTJlY2VjNmIzMjQwNGVkNGUxZmVmYjE4OGNjZDc0MTlhYTk4YTYxNzJjMDAwNjY0NjVjNWNmNmZmZDNkZmFiNDFjZGRmZjA1MDgwZDA2MGIzMDJjYTZhMDAwZmQ5NzhjNTAwMGExMTFlN2EyNiwxLDE=,LinkedIn opportunity,0,False,5l,5,missing 2028 signal,,Call For Referral is hiring: Postdoctoral Research Scientist – STEM (Remote | Part-Time | $55 –$70/hr).,2026-06-19T08:21:10+00:00,Call For Referral is hiring: Postdoctoral Research Scientist – STEM (Remote | Part-Time | $55 –$70/hr). LinkedIn <jobs-listings@linkedin.com> Top job picks for you: https://www.linkedin.com/comm/jobs/collections/recommended?origin=JYMBII_EMAIL&lgCta=eml-jymbii-bottom-see-all-jobs&lgTemp=jobs_jymbii_digest&lipi=urn%3Ali%3Apage%3Aemail_jobs_jymbii_digest%3BR1HbgdcvQxyj%2Bi5ZGFJbSQ%3D%3D&midToken=AQGKtG83IO2XTA&midSig=25bRKhg3ll9Ik1&trk=eml-jobs_jymbii_digest-null-0-null&trkEmail=eml-jobs_jymbii...
https://www.linkedin.com/comm/jobs/view/4426225663?trackingId=xrzfFZZxTDOWA9pifHVMlw==&refId=FGRejDpuQw2DzbxmSIdi/g==&eBP=BUDGET_EXHAUSTED_JOB&midSig=25bRKhg3ll9Ik1&trkEmail=eml-jobs_jymbii_digest-job_card-0-jobcard_body_4426225663-null-c5cm47~mqknt8vv~sh-null-null&eid=c5cm47-mqknt8vv-sh&otpToken=MTUwNjFhZTUxYTJlY2VjNmIzMjQwNGVkNGUxZmVmYjE4OGNjZDc0MTlhYTk4YTYxNzJjMDAwNjY0NjVjNWNmNmZmZDNkZmFiNDFjZGRmZjA1MDgwZDA2MGIzMDJjYTZhMDAwZmQ5NzhjNTAwMGExMTFlN2EyNiwxLDE=,STEM AI Evaluator – Chemistry (Freelance),0,False,5l,5,missing 2028 signal,,Call For Referral is hiring: Postdoctoral Research Scientist – STEM (Remote | Part-Time | $55 –$70/hr).,2026-06-19T08:21:10+00:00,Call For Referral is hiring: Postdoctoral Research Scientist – STEM (Remote | Part-Time | $55 –$70/hr). LinkedIn <jobs-listings@linkedin.com> Top job picks for you: https://www.linkedin.com/comm/jobs/collections/recommended?origin=JYMBII_EMAIL&lgCta=eml-jymbii-bottom-see-all-jobs&lgTemp=jobs_jymbii_digest&lipi=urn%3Ali%3Apage%3Aemail_jobs_jymbii_digest%3BR1HbgdcvQxyj%2Bi5ZGFJbSQ%3D%3D&midToken=AQGKtG83IO2XTA&midSig=25bRKhg3ll9Ik1&trk=eml-jobs_jymbii_digest-null-0-null&trkEmail=eml-jobs_jymbii...
https://www.linkedin.com/comm/jobs/view/4418560266?trackingId=GS5YxX4pT2SptBzbgXx1pA==&refId=qUVQWCtXQBiHABAkDHoHHA==&eBP=NOT_ELIGIBLE_FOR_CHARGING&midSig=25bRKhg3ll9Ik1&trkEmail=eml-jobs_jymbii_digest-job_card-0-company_logo-null-c5cm47~mqknt8vv~sh-null-null&eid=c5cm47-mqknt8vv-sh&otpToken=MTUwNjFhZTUxYTJlY2VjNmIzMjQwNGVkNGUxZmVmYjE4OGNjZDc0MTlhYTk4YTYxNzJjMDAwNjY0NjVjNWNmNmZmZDNkZmFiNDFjZGRmZjA1MDgwZDA2MGIzMDJjYTZhMDAwZmQ5NzhjNTAwMGExMTFlN2EyNiwxLDE=,LinkedIn opportunity,0,False,5l,5,missing 2028 signal,,Call For Referral is hiring: Postdoctoral Research Scientist – STEM (Remote | Part-Time | $55 –$70/hr).,2026-06-19T08:21:10+00:00,Call For Referral is hiring: Postdoctoral Research Scientist – STEM (Remote | Part-Time | $55 –$70/hr). LinkedIn <jobs-listings@linkedin.com> Top job picks for you: https://www.linkedin.com/comm/jobs/collections/recommended?origin=JYMBII_EMAIL&lgCta=eml-jymbii-bottom-see-all-jobs&lgTemp=jobs_jymbii_digest&lipi=urn%3Ali%3Apage%3Aemail_jobs_jymbii_digest%3BR1HbgdcvQxyj%2Bi5ZGFJbSQ%3D%3D&midToken=AQGKtG83IO2XTA&midSig=25bRKhg3ll9Ik1&trk=eml-jobs_jymbii_digest-null-0-null&trkEmail=eml-jobs_jymbii...
https://www.linkedin.com/comm/jobs/view/4418560266?trackingId=GS5YxX4pT2SptBzbgXx1pA==&refId=qUVQWCtXQBiHABAkDHoHHA==&eBP=NOT_ELIGIBLE_FOR_CHARGING&midSig=25bRKhg3ll9Ik1&trkEmail=eml-jobs_jymbii_digest-job_card-0-jobcard_body_4418560266-null-c5cm47~mqknt8vv~sh-null-null&eid=c5cm47-mqknt8vv-sh&otpToken=MTUwNjFhZTUxYTJlY2VjNmIzMjQwNGVkNGUxZmVmYjE4OGNjZDc0MTlhYTk4YTYxNzJjMDAwNjY0NjVjNWNmNmZmZDNkZmFiNDFjZGRmZjA1MDgwZDA2MGIzMDJjYTZhMDAwZmQ5NzhjNTAwMGExMTFlN2EyNiwxLDE=,Language Model Evaluator - Fully Remote | Upto $20/hr Part-time,0,False,5l,5,missing 2028 signal,,Call For Referral is hiring: Postdoctoral Research Scientist – STEM (Remote | Part-Time | $55 –$70/hr).,2026-06-19T08:21:10+00:00,Call For Referral is hiring: Postdoctoral Research Scientist – STEM (Remote | Part-Time | $55 –$70/hr). LinkedIn <jobs-listings@linkedin.com> Top job picks for you: https://www.linkedin.com/comm/jobs/collections/recommended?origin=JYMBII_EMAIL&lgCta=eml-jymbii-bottom-see-all-jobs&lgTemp=jobs_jymbii_digest&lipi=urn%3Ali%3Apage%3Aemail_jobs_jymbii_digest%3BR1HbgdcvQxyj%2Bi5ZGFJbSQ%3D%3D&midToken=AQGKtG83IO2XTA&midSig=25bRKhg3ll9Ik1&trk=eml-jobs_jymbii_digest-null-0-null&trkEmail=eml-jobs_jymbii...
https://www.linkedin.com/comm/jobs/view/4427326397?trackingId=UYlM6wTrRzSnUX2yBHtkqQ==&refId=dp8iep+NSh693kweAOBkGw==&eBP=CwEAAAGe3sfLiRAWRtPS5JCKQ6E5Y78ZYfW4Ls9AoE5PiZFNrbt58jocFfqS_xEjjCeEuKbZJK8nPc5lUfUkvFzrm0xysPZiy__DXrlmP7m8Sc1ujRvoeZByjPRpUdxfogA-cPEKrAfibPBrHINej7SRar-H8oyVCAoGzkt7-3mi7i6PoGPBGdrBNvY7F90EkVGVSjPxwoWgYZZBKasfVh7s8RG5t6UFBTMTkWm-lVj9OXYrO6jN6vWglxLVOK--rG3r13klj8UsmYOYyiQpj8_WakrW89PYAM_BXyOB7wZJbZa5XImMD7H3UgbhG4Wky5VWerwCCGZoz5ac68hCMPCZVXps-ei9RUh31r8Ig8enwKOtspNuEsIs3lfg3q5P8qV2d5_BPFh0g50U--xmyE1P-JrwZjRviqSuPebwwk-kjaQG9dg_l2jO&midSig=25bRKhg3ll9Ik1&trkEmail=eml-jobs_jymbii_digest-jymbii-0-view_job-null-c5cm47~mqknt8vv~sh-null-null&eid=c5cm47-mqknt8vv-sh&otpToken=MTUwNjFhZTUxYTJlY2VjNmIzMjQwNGVkNGUxZmVmYjE4OGNjZDc0MTlhYTk4YTYxNzJjMDAwNjY0NjVjNWNmNmZmZDNkZmFiNDFjZGRmZjA1MDgwZDA2MGIzMDJjYTZhMDAwZmQ5NzhjNTAwMGExMTFlN2EyNiwxLDE=,LinkedIn opportunity,0,False,5l,5,missing 2028 signal,,Call For Referral is hiring: Postdoctoral Research Scientist – STEM (Remote | Part-Time | $55 –$70/hr).,2026-06-19T08:21:10+00:00,Call For Referral is hiring: Postdoctoral Research Scientist – STEM (Remote | Part-Time | $55 –$70/hr). LinkedIn <jobs-listings@linkedin.com> Top job picks for you: https://www.linkedin.com/comm/jobs/collections/recommended?origin=JYMBII_EMAIL&lgCta=eml-jymbii-bottom-see-all-jobs&lgTemp=jobs_jymbii_digest&lipi=urn%3Ali%3Apage%3Aemail_jobs_jymbii_digest%3BR1HbgdcvQxyj%2Bi5ZGFJbSQ%3D%3D&midToken=AQGKtG83IO2XTA&midSig=25bRKhg3ll9Ik1&trk=eml-jobs_jymbii_digest-null-0-null&trkEmail=eml-jobs_jymbii...
https://www.linkedin.com/comm/jobs/view/4430905103?trackingId=jFIICJfIQ3ev9w2Z3yp69A==&refId=8VhIFoSwR+6/wscpPu3ZlA==&eBP=BUDGET_EXHAUSTED_JOB&midSig=25bRKhg3ll9Ik1&trkEmail=eml-jobs_jymbii_digest-jymbii-0-view_job-null-c5cm47~mqknt8vv~sh-null-null&eid=c5cm47-mqknt8vv-sh&otpToken=MTUwNjFhZTUxYTJlY2VjNmIzMjQwNGVkNGUxZmVmYjE4OGNjZDc0MTlhYTk4YTYxNzJjMDAwNjY0NjVjNWNmNmZmZDNkZmFiNDFjZGRmZjA1MDgwZDA2MGIzMDJjYTZhMDAwZmQ5NzhjNTAwMGExMTFlN2EyNiwxLDE=,LinkedIn opportunity,0,False,5l,5,missing 2028 signal,,Call For Referral is hiring: Postdoctoral Research Scientist – STEM (Remote | Part-Time | $55 –$70/hr).,2026-06-19T08:21:10+00:00,Call For Referral is hiring: Postdoctoral Research Scientist – STEM (Remote | Part-Time | $55 –$70/hr). LinkedIn <jobs-listings@linkedin.com> Top job picks for you: https://www.linkedin.com/comm/jobs/collections/recommended?origin=JYMBII_EMAIL&lgCta=eml-jymbii-bottom-see-all-jobs&lgTemp=jobs_jymbii_digest&lipi=urn%3Ali%3Apage%3Aemail_jobs_jymbii_digest%3BR1HbgdcvQxyj%2Bi5ZGFJbSQ%3D%3D&midToken=AQGKtG83IO2XTA&midSig=25bRKhg3ll9Ik1&trk=eml-jobs_jymbii_digest-null-0-null&trkEmail=eml-jobs_jymbii...
https://www.linkedin.com/comm/jobs/view/4429616693?trackingId=GIkpSlo8S+eIdH6I/vtBIQ==&refId=3VR4psblTl6wxjM7ksBoag==&eBP=CwEAAAGe3sfLiYFJAclLnkASwguyaNbk9tZylugYAI4Qk8gjh_k6Dq3OpsPMyXrApdp_dbISWU-mM63KMHykXLMPT3xH8wsOSowJadDOq6vCpMWn58xAzrNqYqsZFKRFyNJdpiSy9XeLKa8pp-6ZKjHXcG74Sz_GJpfGfywi5T_M8jCDM5So2Dfzom_CQN52JuCaSJoFWwP7YbU1trXoWNHDKJnU_vpLUnjX1K0qA81W29WZhO60FZFZKyPqT4bW_NMOzehbpo3XY66R--hcWWQANImxy0NufMdh_XhVHuA57Y5_eCmzNOiatn2Y_INPjZ63Vi0tgca7TtDdex5GtyU-1MnPKeGBOSrUqLbzd3qVkR5U3dQLt02WwE6SBu2xIBJvWtPXMuKBbsbZ6ut5ExgxCsun5OBWOfO7Xy-5HMRKb5OuXSvAoA&midSig=25bRKhg3ll9Ik1&trkEmail=eml-jobs_jymbii_digest-jymbii-0-view_job-null-c5cm47~mqknt8vv~sh-null-null&eid=c5cm47-mqknt8vv-sh&otpToken=MTUwNjFhZTUxYTJlY2VjNmIzMjQwNGVkNGUxZmVmYjE4OGNjZDc0MTlhYTk4YTYxNzJjMDAwNjY0NjVjNWNmNmZmZDNkZmFiNDFjZGRmZjA1MDgwZDA2MGIzMDJjYTZhMDAwZmQ5NzhjNTAwMGExMTFlN2EyNiwxLDE=,LinkedIn opportunity,0,False,5l,5,missing 2028 signal,,Call For Referral is hiring: Postdoctoral Research Scientist – STEM (Remote | Part-Time | $55 –$70/hr).,2026-06-19T08:21:10+00:00,Call For Referral is hiring: Postdoctoral Research Scientist – STEM (Remote | Part-Time | $55 –$70/hr). LinkedIn <jobs-listings@linkedin.com> Top job picks for you: https://www.linkedin.com/comm/jobs/collections/recommended?origin=JYMBII_EMAIL&lgCta=eml-jymbii-bottom-see-all-jobs&lgTemp=jobs_jymbii_digest&lipi=urn%3Ali%3Apage%3Aemail_jobs_jymbii_digest%3BR1HbgdcvQxyj%2Bi5ZGFJbSQ%3D%3D&midToken=AQGKtG83IO2XTA&midSig=25bRKhg3ll9Ik1&trk=eml-jobs_jymbii_digest-null-0-null&trkEmail=eml-jobs_jymbii...
https://www.linkedin.com/comm/jobs/view/4430903166?trackingId=WDdLnDqWTIKqHgpQqRiDxQ==&refId=OS7j/7OHRliyMFJlQiQesA==&eBP=BUDGET_EXHAUSTED_JOB&midSig=25bRKhg3ll9Ik1&trkEmail=eml-jobs_jymbii_digest-jymbii-0-view_job-null-c5cm47~mqknt8vv~sh-null-null&eid=c5cm47-mqknt8vv-sh&otpToken=MTUwNjFhZTUxYTJlY2VjNmIzMjQwNGVkNGUxZmVmYjE4OGNjZDc0MTlhYTk4YTYxNzJjMDAwNjY0NjVjNWNmNmZmZDNkZmFiNDFjZGRmZjA1MDgwZDA2MGIzMDJjYTZhMDAwZmQ5NzhjNTAwMGExMTFlN2EyNiwxLDE=,LinkedIn opportunity,0,False,5l,5,missing 2028 signal,,Call For Referral is hiring: Postdoctoral Research Scientist – STEM (Remote | Part-Time | $55 –$70/hr).,2026-06-19T08:21:10+00:00,Call For Referral is hiring: Postdoctoral Research Scientist – STEM (Remote | Part-Time | $55 –$70/hr). LinkedIn <jobs-listings@linkedin.com> Top job picks for you: https://www.linkedin.com/comm/jobs/collections/recommended?origin=JYMBII_EMAIL&lgCta=eml-jymbii-bottom-see-all-jobs&lgTemp=jobs_jymbii_digest&lipi=urn%3Ali%3Apage%3Aemail_jobs_jymbii_digest%3BR1HbgdcvQxyj%2Bi5ZGFJbSQ%3D%3D&midToken=AQGKtG83IO2XTA&midSig=25bRKhg3ll9Ik1&trk=eml-jobs_jymbii_digest-null-0-null&trkEmail=eml-jobs_jymbii...
https://www.linkedin.com/comm/jobs/view/4426225663?trackingId=xrzfFZZxTDOWA9pifHVMlw==&refId=FGRejDpuQw2DzbxmSIdi/g==&eBP=BUDGET_EXHAUSTED_JOB&midSig=25bRKhg3ll9Ik1&trkEmail=eml-jobs_jymbii_digest-jymbii-0-view_job-null-c5cm47~mqknt8vv~sh-null-null&eid=c5cm47-mqknt8vv-sh&otpToken=MTUwNjFhZTUxYTJlY2VjNmIzMjQwNGVkNGUxZmVmYjE4OGNjZDc0MTlhYTk4YTYxNzJjMDAwNjY0NjVjNWNmNmZmZDNkZmFiNDFjZGRmZjA1MDgwZDA2MGIzMDJjYTZhMDAwZmQ5NzhjNTAwMGExMTFlN2EyNiwxLDE=,LinkedIn opportunity,0,False,5l,5,missing 2028 signal,,Call For Referral is hiring: Postdoctoral Research Scientist – STEM (Remote | Part-Time | $55 –$70/hr).,2026-06-19T08:21:10+00:00,Call For Referral is hiring: Postdoctoral Research Scientist – STEM (Remote | Part-Time | $55 –$70/hr). LinkedIn <jobs-listings@linkedin.com> Top job picks for you: https://www.linkedin.com/comm/jobs/collections/recommended?origin=JYMBII_EMAIL&lgCta=eml-jymbii-bottom-see-all-jobs&lgTemp=jobs_jymbii_digest&lipi=urn%3Ali%3Apage%3Aemail_jobs_jymbii_digest%3BR1HbgdcvQxyj%2Bi5ZGFJbSQ%3D%3D&midToken=AQGKtG83IO2XTA&midSig=25bRKhg3ll9Ik1&trk=eml-jobs_jymbii_digest-null-0-null&trkEmail=eml-jobs_jymbii...
https://www.linkedin.com/comm/jobs/view/4418560266?trackingId=GS5YxX4pT2SptBzbgXx1pA==&refId=qUVQWCtXQBiHABAkDHoHHA==&eBP=NOT_ELIGIBLE_FOR_CHARGING&midSig=25bRKhg3ll9Ik1&trkEmail=eml-jobs_jymbii_digest-jymbii-0-view_job-null-c5cm47~mqknt8vv~sh-null-null&eid=c5cm47-mqknt8vv-sh&otpToken=MTUwNjFhZTUxYTJlY2VjNmIzMjQwNGVkNGUxZmVmYjE4OGNjZDc0MTlhYTk4YTYxNzJjMDAwNjY0NjVjNWNmNmZmZDNkZmFiNDFjZGRmZjA1MDgwZDA2MGIzMDJjYTZhMDAwZmQ5NzhjNTAwMGExMTFlN2EyNiwxLDE=,LinkedIn opportunity,0,False,5l,5,missing 2028 signal,,Call For Referral is hiring: Postdoctoral Research Scientist – STEM (Remote | Part-Time | $55 –$70/hr).,2026-06-19T08:21:10+00:00,Call For Referral is hiring: Postdoctoral Research Scientist – STEM (Remote | Part-Time | $55 –$70/hr). LinkedIn <jobs-listings@linkedin.com> Top job picks for you: https://www.linkedin.com/comm/jobs/collections/recommended?origin=JYMBII_EMAIL&lgCta=eml-jymbii-bottom-see-all-jobs&lgTemp=jobs_jymbii_digest&lipi=urn%3Ali%3Apage%3Aemail_jobs_jymbii_digest%3BR1HbgdcvQxyj%2Bi5ZGFJbSQ%3D%3D&midToken=AQGKtG83IO2XTA&midSig=25bRKhg3ll9Ik1&trk=eml-jobs_jymbii_digest-null-0-null&trkEmail=eml-jobs_jymbii...
https://www.linkedin.com/comm/jobs/view/4415004773?trackingId=dLa24dEAQjC2vXan8EmDyw==&refId=IIjAIiNpTm6G6BBPDkVWyw==&eBP=CwEAAAGe-Kzv1iUiP4S5p4iIiWnpWlAmY7C2C9LLsQqP4HZtG0daMfUYEHBZKqCbss5blvdm2K0fqcd9hameTdkWWVXJuYoOptH80JWykdvnAb_ePxZBBkltu7ou_HkSWGbeW1duQAnxVfiPumk_xMQO3VeyYCRU0guzxXt-GvSo3uv8s73A1CAsgAiKRDAaAtyEOHRlHmp4i5XnvADdKPtw3E_PCoK71xRmnatqCHlmqrQceHvnEjVeW8bmnYbI0YdPdWxZkfw2m1hpYJ_WboM3A0i4B0UOQHpMlsQ4-e1rcrCUhw&midSig=1wwfI8fQwlick1&trkEmail=eml-jobs_jymbii_digest-job_card-0-company_logo-null-c5cm47~mqt8gdf4~1l-null-null&eid=c5cm47-mqt8gdf4-1l&otpToken=MTUwNjFhZTUxYTJlY2VjNmIzMjQwNGVkNGUxY2U0YjM4YWM4ZDc0MjlhYWU4NzYxNzJjMDAwNjY0NjVjNWNmNmZmZDNkZmE0NjRlY2JiYzc0ZTgwYzhiYTg5YmQ4N2M5ODMwZDM4MDAxYTczODE4NzNjMzk2YSwxLDE=,3D --------------------------------------------------------- Research Sciences INTERN Microsoft India This company is...,0,False,9L,9,missing 2028 signal,,Crossing Hurdles is hiring a Doctoral Researcher | $25/hr Remote,2026-06-25T08:21:13+00:00,Crossing Hurdles is hiring a Doctoral Researcher | $25/hr Remote LinkedIn <jobs-listings@linkedin.com> Top job picks for you: https://www.linkedin.com/comm/jobs/collections/recommended?origin=JYMBII_EMAIL&lgCta=eml-jymbii-bottom-see-all-jobs&lgTemp=jobs_jymbii_digest&lipi=urn%3Ali%3Apage%3Aemail_jobs_jymbii_digest%3B08eHITuZTpiNcznbQ7fy8g%3D%3D&midToken=AQGKtG83IO2XTA&midSig=1wwfI8fQwlick1&trk=eml-jobs_jymbii_digest-null-0-null&trkEmail=eml-jobs_jymbii_digest-null-0-null-null-c5cm47~mqt8gdf4~...
https://www.linkedin.com/comm/jobs/view/4415004773?trackingId=dLa24dEAQjC2vXan8EmDyw==&refId=IIjAIiNpTm6G6BBPDkVWyw==&eBP=CwEAAAGe-Kzv1iUiP4S5p4iIiWnpWlAmY7C2C9LLsQqP4HZtG0daMfUYEHBZKqCbss5blvdm2K0fqcd9hameTdkWWVXJuYoOptH80JWykdvnAb_ePxZBBkltu7ou_HkSWGbeW1duQAnxVfiPumk_xMQO3VeyYCRU0guzxXt-GvSo3uv8s73A1CAsgAiKRDAaAtyEOHRlHmp4i5XnvADdKPtw3E_PCoK71xRmnatqCHlmqrQceHvnEjVeW8bmnYbI0YdPdWxZkfw2m1hpYJ_WboM3A0i4B0UOQHpMlsQ4-e1rcrCUhw&midSig=1wwfI8fQwlick1&trkEmail=eml-jobs_jymbii_digest-job_card-0-jobcard_body_4415004773-null-c5cm47~mqt8gdf4~1l-null-null&eid=c5cm47-mqt8gdf4-1l&otpToken=MTUwNjFhZTUxYTJlY2VjNmIzMjQwNGVkNGUxY2U0YjM4YWM4ZDc0MjlhYWU4NzYxNzJjMDAwNjY0NjVjNWNmNmZmZDNkZmE0NjRlY2JiYzc0ZTgwYzhiYTg5YmQ4N2M5ODMwZDM4MDAxYTczODE4NzNjMzk2YSwxLDE=,Doctoral Researcher | $25/hr Remote,0,False,9L,9,missing 2028 signal,,Crossing Hurdles is hiring a Doctoral Researcher | $25/hr Remote,2026-06-25T08:21:13+00:00,Crossing Hurdles is hiring a Doctoral Researcher | $25/hr Remote LinkedIn <jobs-listings@linkedin.com> Top job picks for you: https://www.linkedin.com/comm/jobs/collections/recommended?origin=JYMBII_EMAIL&lgCta=eml-jymbii-bottom-see-all-jobs&lgTemp=jobs_jymbii_digest&lipi=urn%3Ali%3Apage%3Aemail_jobs_jymbii_digest%3B08eHITuZTpiNcznbQ7fy8g%3D%3D&midToken=AQGKtG83IO2XTA&midSig=1wwfI8fQwlick1&trk=eml-jobs_jymbii_digest-null-0-null&trkEmail=eml-jobs_jymbii_digest-null-0-null-null-c5cm47~mqt8gdf4~...
https://www.linkedin.com/comm/jobs/view/4421248744?trackingId=32EC2YbVSjSoCeo/60kvYw==&refId=r4105GWoTg+3ePAGjCmsLg==&eBP=NOT_ELIGIBLE_FOR_CHARGING&midSig=1wwfI8fQwlick1&trkEmail=eml-jobs_jymbii_digest-job_card-0-company_logo-null-c5cm47~mqt8gdf4~1l-null-null&eid=c5cm47-mqt8gdf4-1l&otpToken=MTUwNjFhZTUxYTJlY2VjNmIzMjQwNGVkNGUxY2U0YjM4YWM4ZDc0MjlhYWU4NzYxNzJjMDAwNjY0NjVjNWNmNmZmZDNkZmE0NjRlY2JiYzc0ZTgwYzhiYTg5YmQ4N2M5ODMwZDM4MDAxYTczODE4NzNjMzk2YSwxLDE=,3D --------------------------------------------------------- Research Sciences INTERN Microsoft India This company is...,0,False,9L,9,missing 2028 signal,,Crossing Hurdles is hiring a Doctoral Researcher | $25/hr Remote,2026-06-25T08:21:13+00:00,Crossing Hurdles is hiring a Doctoral Researcher | $25/hr Remote LinkedIn <jobs-listings@linkedin.com> Top job picks for you: https://www.linkedin.com/comm/jobs/collections/recommended?origin=JYMBII_EMAIL&lgCta=eml-jymbii-bottom-see-all-jobs&lgTemp=jobs_jymbii_digest&lipi=urn%3Ali%3Apage%3Aemail_jobs_jymbii_digest%3B08eHITuZTpiNcznbQ7fy8g%3D%3D&midToken=AQGKtG83IO2XTA&midSig=1wwfI8fQwlick1&trk=eml-jobs_jymbii_digest-null-0-null&trkEmail=eml-jobs_jymbii_digest-null-0-null-null-c5cm47~mqt8gdf4~...
https://www.linkedin.com/comm/jobs/view/4421248744?trackingId=32EC2YbVSjSoCeo/60kvYw==&refId=r4105GWoTg+3ePAGjCmsLg==&eBP=NOT_ELIGIBLE_FOR_CHARGING&midSig=1wwfI8fQwlick1&trkEmail=eml-jobs_jymbii_digest-job_card-0-jobcard_body_4421248744-null-c5cm47~mqt8gdf4~1l-null-null&eid=c5cm47-mqt8gdf4-1l&otpToken=MTUwNjFhZTUxYTJlY2VjNmIzMjQwNGVkNGUxY2U0YjM4YWM4ZDc0MjlhYWU4NzYxNzJjMDAwNjY0NjVjNWNmNmZmZDNkZmE0NjRlY2JiYzc0ZTgwYzhiYTg5YmQ4N2M5ODMwZDM4MDAxYTczODE4NzNjMzk2YSwxLDE=,6 Government Work From Home Projects in India,0,False,9L,9,missing 2028 signal,,Crossing Hurdles is hiring a Doctoral Researcher | $25/hr Remote,2026-06-25T08:21:13+00:00,Crossing Hurdles is hiring a Doctoral Researcher | $25/hr Remote LinkedIn <jobs-listings@linkedin.com> Top job picks for you: https://www.linkedin.com/comm/jobs/collections/recommended?origin=JYMBII_EMAIL&lgCta=eml-jymbii-bottom-see-all-jobs&lgTemp=jobs_jymbii_digest&lipi=urn%3Ali%3Apage%3Aemail_jobs_jymbii_digest%3B08eHITuZTpiNcznbQ7fy8g%3D%3D&midToken=AQGKtG83IO2XTA&midSig=1wwfI8fQwlick1&trk=eml-jobs_jymbii_digest-null-0-null&trkEmail=eml-jobs_jymbii_digest-null-0-null-null-c5cm47~mqt8gdf4~...
https://www.linkedin.com/comm/jobs/view/4432065177?trackingId=Er4YtP/xQfS7kQM573oRfA==&refId=2nXvy+w7Q86obOAbxZdQgQ==&eBP=BUDGET_EXHAUSTED_JOB&midSig=1wwfI8fQwlick1&trkEmail=eml-jobs_jymbii_digest-job_card-0-company_logo-null-c5cm47~mqt8gdf4~1l-null-null&eid=c5cm47-mqt8gdf4-1l&otpToken=MTUwNjFhZTUxYTJlY2VjNmIzMjQwNGVkNGUxY2U0YjM4YWM4ZDc0MjlhYWU4NzYxNzJjMDAwNjY0NjVjNWNmNmZmZDNkZmE0NjRlY2JiYzc0ZTgwYzhiYTg5YmQ4N2M5ODMwZDM4MDAxYTczODE4NzNjMzk2YSwxLDE=,3D --------------------------------------------------------- Research Sciences INTERN Microsoft India This company is...,0,False,9L,9,missing 2028 signal,,Crossing Hurdles is hiring a Doctoral Researcher | $25/hr Remote,2026-06-25T08:21:13+00:00,Crossing Hurdles is hiring a Doctoral Researcher | $25/hr Remote LinkedIn <jobs-listings@linkedin.com> Top job picks for you: https://www.linkedin.com/comm/jobs/collections/recommended?origin=JYMBII_EMAIL&lgCta=eml-jymbii-bottom-see-all-jobs&lgTemp=jobs_jymbii_digest&lipi=urn%3Ali%3Apage%3Aemail_jobs_jymbii_digest%3B08eHITuZTpiNcznbQ7fy8g%3D%3D&midToken=AQGKtG83IO2XTA&midSig=1wwfI8fQwlick1&trk=eml-jobs_jymbii_digest-null-0-null&trkEmail=eml-jobs_jymbii_digest-null-0-null-null-c5cm47~mqt8gdf4~...
https://www.linkedin.com/comm/jobs/view/4432065177?trackingId=Er4YtP/xQfS7kQM573oRfA==&refId=2nXvy+w7Q86obOAbxZdQgQ==&eBP=BUDGET_EXHAUSTED_JOB&midSig=1wwfI8fQwlick1&trkEmail=eml-jobs_jymbii_digest-job_card-0-jobcard_body_4432065177-null-c5cm47~mqt8gdf4~1l-null-null&eid=c5cm47-mqt8gdf4-1l&otpToken=MTUwNjFhZTUxYTJlY2VjNmIzMjQwNGVkNGUxY2U0YjM4YWM4ZDc0MjlhYWU4NzYxNzJjMDAwNjY0NjVjNWNmNmZmZDNkZmE0NjRlY2JiYzc0ZTgwYzhiYTg5YmQ4N2M5ODMwZDM4MDAxYTczODE4NzNjMzk2YSwxLDE=,Research Sciences INTERN,0,False,9L,9,missing 2028 signal,,Crossing Hurdles is hiring a Doctoral Researcher | $25/hr Remote,2026-06-25T08:21:13+00:00,Crossing Hurdles is hiring a Doctoral Researcher | $25/hr Remote LinkedIn <jobs-listings@linkedin.com> Top job picks for you: https://www.linkedin.com/comm/jobs/collections/recommended?origin=JYMBII_EMAIL&lgCta=eml-jymbii-bottom-see-all-jobs&lgTemp=jobs_jymbii_digest&lipi=urn%3Ali%3Apage%3Aemail_jobs_jymbii_digest%3B08eHITuZTpiNcznbQ7fy8g%3D%3D&midToken=AQGKtG83IO2XTA&midSig=1wwfI8fQwlick1&trk=eml-jobs_jymbii_digest-null-0-null&trkEmail=eml-jobs_jymbii_digest-null-0-null-null-c5cm47~mqt8gdf4~...
https://www.linkedin.com/comm/jobs/view/4426221786?trackingId=Yj8OplymSRyHzNJ/Dw926Q==&refId=zr6LRRkVThmuNAZy7/9rSg==&eBP=BUDGET_EXHAUSTED_JOB&midSig=1wwfI8fQwlick1&trkEmail=eml-jobs_jymbii_digest-job_card-0-company_logo-null-c5cm47~mqt8gdf4~1l-null-null&eid=c5cm47-mqt8gdf4-1l&otpToken=MTUwNjFhZTUxYTJlY2VjNmIzMjQwNGVkNGUxY2U0YjM4YWM4ZDc0MjlhYWU4NzYxNzJjMDAwNjY0NjVjNWNmNmZmZDNkZmE0NjRlY2JiYzc0ZTgwYzhiYTg5YmQ4N2M5ODMwZDM4MDAxYTczODE4NzNjMzk2YSwxLDE=,3D --------------------------------------------------------- Research Sciences INTERN Microsoft India This company is...,0,False,9L,9,missing 2028 signal,,Crossing Hurdles is hiring a Doctoral Researcher | $25/hr Remote,2026-06-25T08:21:13+00:00,Crossing Hurdles is hiring a Doctoral Researcher | $25/hr Remote LinkedIn <jobs-listings@linkedin.com> Top job picks for you: https://www.linkedin.com/comm/jobs/collections/recommended?origin=JYMBII_EMAIL&lgCta=eml-jymbii-bottom-see-all-jobs&lgTemp=jobs_jymbii_digest&lipi=urn%3Ali%3Apage%3Aemail_jobs_jymbii_digest%3B08eHITuZTpiNcznbQ7fy8g%3D%3D&midToken=AQGKtG83IO2XTA&midSig=1wwfI8fQwlick1&trk=eml-jobs_jymbii_digest-null-0-null&trkEmail=eml-jobs_jymbii_digest-null-0-null-null-c5cm47~mqt8gdf4~...
https://www.linkedin.com/comm/jobs/view/4426221786?trackingId=Yj8OplymSRyHzNJ/Dw926Q==&refId=zr6LRRkVThmuNAZy7/9rSg==&eBP=BUDGET_EXHAUSTED_JOB&midSig=1wwfI8fQwlick1&trkEmail=eml-jobs_jymbii_digest-job_card-0-jobcard_body_4426221786-null-c5cm47~mqt8gdf4~1l-null-null&eid=c5cm47-mqt8gdf4-1l&otpToken=MTUwNjFhZTUxYTJlY2VjNmIzMjQwNGVkNGUxY2U0YjM4YWM4ZDc0MjlhYWU4NzYxNzJjMDAwNjY0NjVjNWNmNmZmZDNkZmE0NjRlY2JiYzc0ZTgwYzhiYTg5YmQ4N2M5ODMwZDM4MDAxYTczODE4NzNjMzk2YSwxLDE=,Artificial Intelligence Intern,0,False,9L,9,missing 2028 signal,,Crossing Hurdles is hiring a Doctoral Researcher | $25/hr Remote,2026-06-25T08:21:13+00:00,Crossing Hurdles is hiring a Doctoral Researcher | $25/hr Remote LinkedIn <jobs-listings@linkedin.com> Top job picks for you: https://www.linkedin.com/comm/jobs/collections/recommended?origin=JYMBII_EMAIL&lgCta=eml-jymbii-bottom-see-all-jobs&lgTemp=jobs_jymbii_digest&lipi=urn%3Ali%3Apage%3Aemail_jobs_jymbii_digest%3B08eHITuZTpiNcznbQ7fy8g%3D%3D&midToken=AQGKtG83IO2XTA&midSig=1wwfI8fQwlick1&trk=eml-jobs_jymbii_digest-null-0-null&trkEmail=eml-jobs_jymbii_digest-null-0-null-null-c5cm47~mqt8gdf4~...
https://www.linkedin.com/comm/jobs/view/4432015123?trackingId=gtnXTK2RR5+CoYV5k1kZhg==&refId=L+E+O5aSQ9Wl/D/WZsNFcw==&eBP=NOT_ELIGIBLE_FOR_CHARGING&midSig=1wwfI8fQwlick1&trkEmail=eml-jobs_jymbii_digest-job_card-0-company_logo-null-c5cm47~mqt8gdf4~1l-null-null&eid=c5cm47-mqt8gdf4-1l&otpToken=MTUwNjFhZTUxYTJlY2VjNmIzMjQwNGVkNGUxY2U0YjM4YWM4ZDc0MjlhYWU4NzYxNzJjMDAwNjY0NjVjNWNmNmZmZDNkZmE0NjRlY2JiYzc0ZTgwYzhiYTg5YmQ4N2M5ODMwZDM4MDAxYTczODE4NzNjMzk2YSwxLDE=,3D --------------------------------------------------------- Research Sciences INTERN Microsoft India This company is...,0,False,9L,9,missing 2028 signal,,Crossing Hurdles is hiring a Doctoral Researcher | $25/hr Remote,2026-06-25T08:21:13+00:00,Crossing Hurdles is hiring a Doctoral Researcher | $25/hr Remote LinkedIn <jobs-listings@linkedin.com> Top job picks for you: https://www.linkedin.com/comm/jobs/collections/recommended?origin=JYMBII_EMAIL&lgCta=eml-jymbii-bottom-see-all-jobs&lgTemp=jobs_jymbii_digest&lipi=urn%3Ali%3Apage%3Aemail_jobs_jymbii_digest%3B08eHITuZTpiNcznbQ7fy8g%3D%3D&midToken=AQGKtG83IO2XTA&midSig=1wwfI8fQwlick1&trk=eml-jobs_jymbii_digest-null-0-null&trkEmail=eml-jobs_jymbii_digest-null-0-null-null-c5cm47~mqt8gdf4~...
https://www.linkedin.com/comm/jobs/view/4432015123?trackingId=gtnXTK2RR5+CoYV5k1kZhg==&refId=L+E+O5aSQ9Wl/D/WZsNFcw==&eBP=NOT_ELIGIBLE_FOR_CHARGING&midSig=1wwfI8fQwlick1&trkEmail=eml-jobs_jymbii_digest-job_card-0-jobcard_body_4432015123-null-c5cm47~mqt8gdf4~1l-null-null&eid=c5cm47-mqt8gdf4-1l&otpToken=MTUwNjFhZTUxYTJlY2VjNmIzMjQwNGVkNGUxY2U0YjM4YWM4ZDc0MjlhYWU4NzYxNzJjMDAwNjY0NjVjNWNmNmZmZDNkZmE0NjRlY2JiYzc0ZTgwYzhiYTg5YmQ4N2M5ODMwZDM4MDAxYTczODE4NzNjMzk2YSwxLDE=,Junior Data Scientist,0,False,9L,9,missing 2028 signal,,Crossing Hurdles is hiring a Doctoral Researcher | $25/hr Remote,2026-06-25T08:21:13+00:00,Crossing Hurdles is hiring a Doctoral Researcher | $25/hr Remote LinkedIn <jobs-listings@linkedin.com> Top job picks for you: https://www.linkedin.com/comm/jobs/collections/recommended?origin=JYMBII_EMAIL&lgCta=eml-jymbii-bottom-see-all-jobs&lgTemp=jobs_jymbii_digest&lipi=urn%3Ali%3Apage%3Aemail_jobs_jymbii_digest%3B08eHITuZTpiNcznbQ7fy8g%3D%3D&midToken=AQGKtG83IO2XTA&midSig=1wwfI8fQwlick1&trk=eml-jobs_jymbii_digest-null-0-null&trkEmail=eml-jobs_jymbii_digest-null-0-null-null-c5cm47~mqt8gdf4~...
https://www.linkedin.com/comm/jobs/view/4422714407?trackingId=mxNtHSI+TSeABYA11UkOyg==&refId=/Z4c8ptjQjOeu+3LTpoeSA==&eBP=NOT_ELIGIBLE_FOR_CHARGING&midSig=1wwfI8fQwlick1&trkEmail=eml-jobs_jymbii_digest-job_card-0-company_logo-null-c5cm47~mqt8gdf4~1l-null-null&eid=c5cm47-mqt8gdf4-1l&otpToken=MTUwNjFhZTUxYTJlY2VjNmIzMjQwNGVkNGUxY2U0YjM4YWM4ZDc0MjlhYWU4NzYxNzJjMDAwNjY0NjVjNWNmNmZmZDNkZmE0NjRlY2JiYzc0ZTgwYzhiYTg5YmQ4N2M5ODMwZDM4MDAxYTczODE4NzNjMzk2YSwxLDE=,3D --------------------------------------------------------- Research Sciences INTERN Microsoft India This company is...,0,False,9L,9,missing 2028 signal,,Crossing Hurdles is hiring a Doctoral Researcher | $25/hr Remote,2026-06-25T08:21:13+00:00,Crossing Hurdles is hiring a Doctoral Researcher | $25/hr Remote LinkedIn <jobs-listings@linkedin.com> Top job picks for you: https://www.linkedin.com/comm/jobs/collections/recommended?origin=JYMBII_EMAIL&lgCta=eml-jymbii-bottom-see-all-jobs&lgTemp=jobs_jymbii_digest&lipi=urn%3Ali%3Apage%3Aemail_jobs_jymbii_digest%3B08eHITuZTpiNcznbQ7fy8g%3D%3D&midToken=AQGKtG83IO2XTA&midSig=1wwfI8fQwlick1&trk=eml-jobs_jymbii_digest-null-0-null&trkEmail=eml-jobs_jymbii_digest-null-0-null-null-c5cm47~mqt8gdf4~...
https://www.linkedin.com/comm/jobs/view/4422714407?trackingId=mxNtHSI+TSeABYA11UkOyg==&refId=/Z4c8ptjQjOeu+3LTpoeSA==&eBP=NOT_ELIGIBLE_FOR_CHARGING&midSig=1wwfI8fQwlick1&trkEmail=eml-jobs_jymbii_digest-job_card-0-jobcard_body_4422714407-null-c5cm47~mqt8gdf4~1l-null-null&eid=c5cm47-mqt8gdf4-1l&otpToken=MTUwNjFhZTUxYTJlY2VjNmIzMjQwNGVkNGUxY2U0YjM4YWM4ZDc0MjlhYWU4NzYxNzJjMDAwNjY0NjVjNWNmNmZmZDNkZmE0NjRlY2JiYzc0ZTgwYzhiYTg5YmQ4N2M5ODMwZDM4MDAxYTczODE4NzNjMzk2YSwxLDE=,AI Scientific Editor (Work-from-home),0,False,9L,9,missing 2028 signal,,Crossing Hurdles is hiring a Doctoral Researcher | $25/hr Remote,2026-06-25T08:21:13+00:00,Crossing Hurdles is hiring a Doctoral Researcher | $25/hr Remote LinkedIn <jobs-listings@linkedin.com> Top job picks for you: https://www.linkedin.com/comm/jobs/collections/recommended?origin=JYMBII_EMAIL&lgCta=eml-jymbii-bottom-see-all-jobs&lgTemp=jobs_jymbii_digest&lipi=urn%3Ali%3Apage%3Aemail_jobs_jymbii_digest%3B08eHITuZTpiNcznbQ7fy8g%3D%3D&midToken=AQGKtG83IO2XTA&midSig=1wwfI8fQwlick1&trk=eml-jobs_jymbii_digest-null-0-null&trkEmail=eml-jobs_jymbii_digest-null-0-null-null-c5cm47~mqt8gdf4~...
https://www.linkedin.com/comm/jobs/view/4415004773?trackingId=dLa24dEAQjC2vXan8EmDyw==&refId=IIjAIiNpTm6G6BBPDkVWyw==&eBP=CwEAAAGe-Kzv1iUiP4S5p4iIiWnpWlAmY7C2C9LLsQqP4HZtG0daMfUYEHBZKqCbss5blvdm2K0fqcd9hameTdkWWVXJuYoOptH80JWykdvnAb_ePxZBBkltu7ou_HkSWGbeW1duQAnxVfiPumk_xMQO3VeyYCRU0guzxXt-GvSo3uv8s73A1CAsgAiKRDAaAtyEOHRlHmp4i5XnvADdKPtw3E_PCoK71xRmnatqCHlmqrQceHvnEjVeW8bmnYbI0YdPdWxZkfw2m1hpYJ_WboM3A0i4B0UOQHpMlsQ4-e1rcrCUhw&midSig=1wwfI8fQwlick1&trkEmail=eml-jobs_jymbii_digest-jymbii-0-view_job-null-c5cm47~mqt8gdf4~1l-null-null&eid=c5cm47-mqt8gdf4-1l&otpToken=MTUwNjFhZTUxYTJlY2VjNmIzMjQwNGVkNGUxY2U0YjM4YWM4ZDc0MjlhYWU4NzYxNzJjMDAwNjY0NjVjNWNmNmZmZDNkZmE0NjRlY2JiYzc0ZTgwYzhiYTg5YmQ4N2M5ODMwZDM4MDAxYTczODE4NzNjMzk2YSwxLDE=,3D --------------------------------------------------------- Research Sciences INTERN Microsoft India This company is...,0,False,9L,9,missing 2028 signal,,Crossing Hurdles is hiring a Doctoral Researcher | $25/hr Remote,2026-06-25T08:21:13+00:00,Crossing Hurdles is hiring a Doctoral Researcher | $25/hr Remote LinkedIn <jobs-listings@linkedin.com> Top job picks for you: https://www.linkedin.com/comm/jobs/collections/recommended?origin=JYMBII_EMAIL&lgCta=eml-jymbii-bottom-see-all-jobs&lgTemp=jobs_jymbii_digest&lipi=urn%3Ali%3Apage%3Aemail_jobs_jymbii_digest%3B08eHITuZTpiNcznbQ7fy8g%3D%3D&midToken=AQGKtG83IO2XTA&midSig=1wwfI8fQwlick1&trk=eml-jobs_jymbii_digest-null-0-null&trkEmail=eml-jobs_jymbii_digest-null-0-null-null-c5cm47~mqt8gdf4~...
https://www.linkedin.com/comm/jobs/view/4421248744?trackingId=32EC2YbVSjSoCeo/60kvYw==&refId=r4105GWoTg+3ePAGjCmsLg==&eBP=NOT_ELIGIBLE_FOR_CHARGING&midSig=1wwfI8fQwlick1&trkEmail=eml-jobs_jymbii_digest-jymbii-0-view_job-null-c5cm47~mqt8gdf4~1l-null-null&eid=c5cm47-mqt8gdf4-1l&otpToken=MTUwNjFhZTUxYTJlY2VjNmIzMjQwNGVkNGUxY2U0YjM4YWM4ZDc0MjlhYWU4NzYxNzJjMDAwNjY0NjVjNWNmNmZmZDNkZmE0NjRlY2JiYzc0ZTgwYzhiYTg5YmQ4N2M5ODMwZDM4MDAxYTczODE4NzNjMzk2YSwxLDE=,3D --------------------------------------------------------- Research Sciences INTERN Microsoft India This company is...,0,False,9L,9,missing 2028 signal,,Crossing Hurdles is hiring a Doctoral Researcher | $25/hr Remote,2026-06-25T08:21:13+00:00,Crossing Hurdles is hiring a Doctoral Researcher | $25/hr Remote LinkedIn <jobs-listings@linkedin.com> Top job picks for you: https://www.linkedin.com/comm/jobs/collections/recommended?origin=JYMBII_EMAIL&lgCta=eml-jymbii-bottom-see-all-jobs&lgTemp=jobs_jymbii_digest&lipi=urn%3Ali%3Apage%3Aemail_jobs_jymbii_digest%3B08eHITuZTpiNcznbQ7fy8g%3D%3D&midToken=AQGKtG83IO2XTA&midSig=1wwfI8fQwlick1&trk=eml-jobs_jymbii_digest-null-0-null&trkEmail=eml-jobs_jymbii_digest-null-0-null-null-c5cm47~mqt8gdf4~...
https://www.linkedin.com/comm/jobs/view/4432065177?trackingId=Er4YtP/xQfS7kQM573oRfA==&refId=2nXvy+w7Q86obOAbxZdQgQ==&eBP=BUDGET_EXHAUSTED_JOB&midSig=1wwfI8fQwlick1&trkEmail=eml-jobs_jymbii_digest-jymbii-0-view_job-null-c5cm47~mqt8gdf4~1l-null-null&eid=c5cm47-mqt8gdf4-1l&otpToken=MTUwNjFhZTUxYTJlY2VjNmIzMjQwNGVkNGUxY2U0YjM4YWM4ZDc0MjlhYWU4NzYxNzJjMDAwNjY0NjVjNWNmNmZmZDNkZmE0NjRlY2JiYzc0ZTgwYzhiYTg5YmQ4N2M5ODMwZDM4MDAxYTczODE4NzNjMzk2YSwxLDE=,3D --------------------------------------------------------- Research Sciences INTERN Microsoft India This company is...,0,False,9L,9,missing 2028 signal,,Crossing Hurdles is hiring a Doctoral Researcher | $25/hr Remote,2026-06-25T08:21:13+00:00,Crossing Hurdles is hiring a Doctoral Researcher | $25/hr Remote LinkedIn <jobs-listings@linkedin.com> Top job picks for you: https://www.linkedin.com/comm/jobs/collections/recommended?origin=JYMBII_EMAIL&lgCta=eml-jymbii-bottom-see-all-jobs&lgTemp=jobs_jymbii_digest&lipi=urn%3Ali%3Apage%3Aemail_jobs_jymbii_digest%3B08eHITuZTpiNcznbQ7fy8g%3D%3D&midToken=AQGKtG83IO2XTA&midSig=1wwfI8fQwlick1&trk=eml-jobs_jymbii_digest-null-0-null&trkEmail=eml-jobs_jymbii_digest-null-0-null-null-c5cm47~mqt8gdf4~...
https://www.linkedin.com/comm/jobs/view/4426221786?trackingId=Yj8OplymSRyHzNJ/Dw926Q==&refId=zr6LRRkVThmuNAZy7/9rSg==&eBP=BUDGET_EXHAUSTED_JOB&midSig=1wwfI8fQwlick1&trkEmail=eml-jobs_jymbii_digest-jymbii-0-view_job-null-c5cm47~mqt8gdf4~1l-null-null&eid=c5cm47-mqt8gdf4-1l&otpToken=MTUwNjFhZTUxYTJlY2VjNmIzMjQwNGVkNGUxY2U0YjM4YWM4ZDc0MjlhYWU4NzYxNzJjMDAwNjY0NjVjNWNmNmZmZDNkZmE0NjRlY2JiYzc0ZTgwYzhiYTg5YmQ4N2M5ODMwZDM4MDAxYTczODE4NzNjMzk2YSwxLDE=,3D --------------------------------------------------------- Research Sciences INTERN Microsoft India This company is...,0,False,9L,9,missing 2028 signal,,Crossing Hurdles is hiring a Doctoral Researcher | $25/hr Remote,2026-06-25T08:21:13+00:00,Crossing Hurdles is hiring a Doctoral Researcher | $25/hr Remote LinkedIn <jobs-listings@linkedin.com> Top job picks for you: https://www.linkedin.com/comm/jobs/collections/recommended?origin=JYMBII_EMAIL&lgCta=eml-jymbii-bottom-see-all-jobs&lgTemp=jobs_jymbii_digest&lipi=urn%3Ali%3Apage%3Aemail_jobs_jymbii_digest%3B08eHITuZTpiNcznbQ7fy8g%3D%3D&midToken=AQGKtG83IO2XTA&midSig=1wwfI8fQwlick1&trk=eml-jobs_jymbii_digest-null-0-null&trkEmail=eml-jobs_jymbii_digest-null-0-null-null-c5cm47~mqt8gdf4~...
https://www.linkedin.com/comm/jobs/view/4432015123?trackingId=gtnXTK2RR5+CoYV5k1kZhg==&refId=L+E+O5aSQ9Wl/D/WZsNFcw==&eBP=NOT_ELIGIBLE_FOR_CHARGING&midSig=1wwfI8fQwlick1&trkEmail=eml-jobs_jymbii_digest-jymbii-0-view_job-null-c5cm47~mqt8gdf4~1l-null-null&eid=c5cm47-mqt8gdf4-1l&otpToken=MTUwNjFhZTUxYTJlY2VjNmIzMjQwNGVkNGUxY2U0YjM4YWM4ZDc0MjlhYWU4NzYxNzJjMDAwNjY0NjVjNWNmNmZmZDNkZmE0NjRlY2JiYzc0ZTgwYzhiYTg5YmQ4N2M5ODMwZDM4MDAxYTczODE4NzNjMzk2YSwxLDE=,3D --------------------------------------------------------- Research Sciences INTERN Microsoft India This company is...,0,False,9L,9,missing 2028 signal,,Crossing Hurdles is hiring a Doctoral Researcher | $25/hr Remote,2026-06-25T08:21:13+00:00,Crossing Hurdles is hiring a Doctoral Researcher | $25/hr Remote LinkedIn <jobs-listings@linkedin.com> Top job picks for you: https://www.linkedin.com/comm/jobs/collections/recommended?origin=JYMBII_EMAIL&lgCta=eml-jymbii-bottom-see-all-jobs&lgTemp=jobs_jymbii_digest&lipi=urn%3Ali%3Apage%3Aemail_jobs_jymbii_digest%3B08eHITuZTpiNcznbQ7fy8g%3D%3D&midToken=AQGKtG83IO2XTA&midSig=1wwfI8fQwlick1&trk=eml-jobs_jymbii_digest-null-0-null&trkEmail=eml-jobs_jymbii_digest-null-0-null-null-c5cm47~mqt8gdf4~...
https://www.linkedin.com/comm/jobs/view/4422714407?trackingId=mxNtHSI+TSeABYA11UkOyg==&refId=/Z4c8ptjQjOeu+3LTpoeSA==&eBP=NOT_ELIGIBLE_FOR_CHARGING&midSig=1wwfI8fQwlick1&trkEmail=eml-jobs_jymbii_digest-jymbii-0-view_job-null-c5cm47~mqt8gdf4~1l-null-null&eid=c5cm47-mqt8gdf4-1l&otpToken=MTUwNjFhZTUxYTJlY2VjNmIzMjQwNGVkNGUxY2U0YjM4YWM4ZDc0MjlhYWU4NzYxNzJjMDAwNjY0NjVjNWNmNmZmZDNkZmE0NjRlY2JiYzc0ZTgwYzhiYTg5YmQ4N2M5ODMwZDM4MDAxYTczODE4NzNjMzk2YSwxLDE=,3D --------------------------------------------------------- Research Sciences INTERN Microsoft India This company is...,0,False,9L,9,missing 2028 signal,,Crossing Hurdles is hiring a Doctoral Researcher | $25/hr Remote,2026-06-25T08:21:13+00:00,Crossing Hurdles is hiring a Doctoral Researcher | $25/hr Remote LinkedIn <jobs-listings@linkedin.com> Top job picks for you: https://www.linkedin.com/comm/jobs/collections/recommended?origin=JYMBII_EMAIL&lgCta=eml-jymbii-bottom-see-all-jobs&lgTemp=jobs_jymbii_digest&lipi=urn%3Ali%3Apage%3Aemail_jobs_jymbii_digest%3B08eHITuZTpiNcznbQ7fy8g%3D%3D&midToken=AQGKtG83IO2XTA&midSig=1wwfI8fQwlick1&trk=eml-jobs_jymbii_digest-null-0-null&trkEmail=eml-jobs_jymbii_digest-null-0-null-null-c5cm47~mqt8gdf4~...
